Div,Date,HomeTeam,AwayTeam,FTHG,FTAG,FTR
CC,06-08-2022,Aldershot,Solihull,1,4,A
CC,06-08-2022,Scunthorpe,Yeovil,2,1,H
CC,06-08-2022,York,Woking,2,0,H
CC,06-08-2022,Wrexham,Eastleigh,2,1,H
CC,06-08-2022,Torquay,Oldham,0,0,D
CC,06-08-2022,Southend,Boreham Wood,0,1,A
CC,06-08-2022,Wealdstone,Bromley,3,2,H
CC,06-08-2022,Dorking,Chesterfield,2,2,D
CC,06-08-2022,Dag and Red,Gateshead,2,2,D
CC,06-08-2022,Barnet,Halifax,2,0,H
CC,06-08-2022,Altrincham,Maidstone,1,1,D
CC,06-08-2022,Notts County,Maidenhead,3,0,H
CC,13-08-2022,Maidstone,York,2,1,H
CC,13-08-2022,Oldham,Dorking,3,2,H
CC,13-08-2022,Yeovil,Wrexham,1,1,D
CC,13-08-2022,Woking,Dag and Red,2,0,H
CC,13-08-2022,Solihull,Southend,1,1,D
CC,13-08-2022,Maidenhead,Scunthorpe,3,2,H
CC,13-08-2022,Chesterfield,Aldershot,1,0,H
CC,13-08-2022,Gateshead,Barnet,2,2,D
CC,13-08-2022,Eastleigh,Wealdstone,1,0,H
CC,13-08-2022,Bromley,Altrincham,0,0,D
CC,13-08-2022,Boreham Wood,Notts County,2,2,D
CC,13-08-2022,Halifax,Torquay,0,1,A
CC,16-08-2022,Maidstone,Dorking,2,4,A
CC,16-08-2022,Yeovil,Barnet,1,2,A
CC,16-08-2022,Woking,Scunthorpe,2,0,H
CC,16-08-2022,Oldham,Wealdstone,1,2,A
CC,16-08-2022,Maidenhead,Altrincham,2,0,H
CC,16-08-2022,Eastleigh,Dag and Red,1,1,D
CC,16-08-2022,Gateshead,Notts County,1,1,D
CC,16-08-2022,Chesterfield,Wrexham,2,0,H
CC,16-08-2022,Bromley,Torquay,1,0,H
CC,16-08-2022,Boreham Wood,Aldershot,1,2,A
CC,16-08-2022,Halifax,Southend,0,0,D
CC,17-08-2022,Solihull,York,1,1,D
CC,20-08-2022,Notts County,Chesterfield,2,2,D
CC,20-08-2022,York,Eastleigh,0,1,A
CC,20-08-2022,Wrexham,Maidstone,5,0,H
CC,20-08-2022,Wealdstone,Halifax,1,0,H
CC,20-08-2022,Torquay,Boreham Wood,0,1,A
CC,20-08-2022,Southend,Oldham,1,0,H
CC,20-08-2022,Dorking,Gateshead,2,1,H
CC,20-08-2022,Dag and Red,Maidenhead,1,0,H
CC,20-08-2022,Barnet,Woking,2,0,H
CC,20-08-2022,Altrincham,Yeovil,2,2,D
CC,20-08-2022,Aldershot,Bromley,0,1,A
CC,20-08-2022,Scunthorpe,Solihull,3,4,A
CC,26-08-2022,Chesterfield,Barnet,3,1,H
CC,26-08-2022,Oldham,Aldershot,2,1,H
CC,27-08-2022,Maidstone,Torquay,1,0,H
CC,27-08-2022,Woking,Wrexham,2,3,A
CC,27-08-2022,Yeovil,Dag and Red,1,0,H
CC,27-08-2022,Solihull,Dorking,3,0,H
CC,27-08-2022,Maidenhead,York,0,1,A
CC,27-08-2022,Boreham Wood,Altrincham,1,1,D
CC,27-08-2022,Gateshead,Wealdstone,0,1,A
CC,27-08-2022,Eastleigh,Southend,2,1,H
CC,27-08-2022,Bromley,Scunthorpe,1,0,H
CC,27-08-2022,Halifax,Notts County,1,4,A
CC,29-08-2022,Barnet,Eastleigh,3,1,H
CC,29-08-2022,York,Oldham,1,1,D
CC,29-08-2022,Wealdstone,Yeovil,0,0,D
CC,29-08-2022,Torquay,Woking,1,3,A
CC,29-08-2022,Scunthorpe,Halifax,0,2,A
CC,29-08-2022,Southend,Maidenhead,2,0,H
CC,29-08-2022,Dorking,Boreham Wood,1,4,A
CC,29-08-2022,Dag and Red,Bromley,4,1,H
CC,29-08-2022,Altrincham,Chesterfield,1,2,A
CC,29-08-2022,Aldershot,Maidstone,1,3,A
CC,29-08-2022,Notts County,Solihull,1,0,H
CC,30-08-2022,Wrexham,Gateshead,3,1,H
CC,03-09-2022,Yeovil,York,0,1,A
CC,03-09-2022,Southend,Torquay,1,2,A
CC,03-09-2022,Solihull,Altrincham,5,1,H
CC,03-09-2022,Scunthorpe,Boreham Wood,0,2,A
CC,03-09-2022,Maidenhead,Halifax,1,1,D
CC,03-09-2022,Oldham,Chesterfield,0,2,A
CC,03-09-2022,Dorking,Wrexham,0,5,A
CC,03-09-2022,Dag and Red,Notts County,0,5,A
CC,03-09-2022,Bromley,Eastleigh,2,1,H
CC,03-09-2022,Aldershot,Barnet,3,1,H
CC,03-09-2022,Gateshead,Maidstone,4,1,H
CC,04-09-2022,Wealdstone,Woking,1,1,D
CC,13-09-2022,York,Bromley,2,1,H
CC,13-09-2022,Wrexham,Dag and Red,4,1,H
CC,13-09-2022,Woking,Oldham,3,0,H
CC,13-09-2022,Torquay,Solihull,1,4,A
CC,13-09-2022,Notts County,Aldershot,2,0,H
CC,13-09-2022,Maidstone,Wealdstone,1,1,D
CC,13-09-2022,Halifax,Gateshead,2,0,H
CC,13-09-2022,Chesterfield,Southend,3,2,H
CC,13-09-2022,Boreham Wood,Maidenhead,1,0,H
CC,13-09-2022,Barnet,Dorking,0,1,A
CC,13-09-2022,Altrincham,Scunthorpe,2,2,D
CC,13-09-2022,Eastleigh,Yeovil,1,1,D
CC,17-09-2022,Southend,Wrexham,0,0,D
CC,17-09-2022,Aldershot,Halifax,5,1,H
CC,17-09-2022,Yeovil,Chesterfield,2,2,D
CC,17-09-2022,Wealdstone,Torquay,1,1,D
CC,17-09-2022,Solihull,Barnet,1,1,D
CC,17-09-2022,Scunthorpe,York,1,1,D
CC,17-09-2022,Oldham,Eastleigh,3,2,H
CC,17-09-2022,Maidenhead,Woking,1,0,H
CC,17-09-2022,Gateshead,Boreham Wood,1,1,D
CC,17-09-2022,Dorking,Notts County,3,1,H
CC,17-09-2022,Dag and Red,Altrincham,4,1,H
CC,17-09-2022,Bromley,Maidstone,3,0,H
CC,24-09-2022,York,Notts County,1,3,A
CC,24-09-2022,Yeovil,Boreham Wood,1,1,D
CC,24-09-2022,Wrexham,Torquay,6,0,H
CC,24-09-2022,Woking,Solihull,2,0,H
CC,24-09-2022,Wealdstone,Southend,0,1,A
CC,24-09-2022,Scunthorpe,Dorking,3,2,H
CC,24-09-2022,Maidstone,Chesterfield,1,2,A
CC,24-09-2022,Maidenhead,Gateshead,0,1,A
CC,24-09-2022,Eastleigh,Halifax,1,0,H
CC,24-09-2022,Dag and Red,Barnet,5,4,H
CC,24-09-2022,Bromley,Oldham,3,0,H
CC,24-09-2022,Altrincham,Aldershot,1,0,H
CC,01-10-2022,Boreham Wood,Maidstone,3,1,H
CC,01-10-2022,Torquay,Scunthorpe,1,1,D
CC,01-10-2022,Southend,Yeovil,1,0,H
CC,01-10-2022,Solihull,Bromley,2,2,D
CC,01-10-2022,Oldham,Wrexham,1,2,A
CC,01-10-2022,Halifax,Woking,0,4,A
CC,01-10-2022,Dorking,Dag and Red,5,1,H
CC,01-10-2022,Gateshead,Eastleigh,1,1,D
CC,01-10-2022,Chesterfield,Maidenhead,1,2,A
CC,01-10-2022,Barnet,York,0,5,A
CC,01-10-2022,Aldershot,Wealdstone,1,2,A
CC,01-10-2022,Notts County,Altrincham,3,1,H
CC,04-10-2022,Southend,Woking,1,1,D
CC,04-10-2022,Solihull,Wealdstone,2,1,H
CC,04-10-2022,Oldham,Scunthorpe,2,2,D
CC,04-10-2022,Notts County,Wrexham,1,0,H
CC,04-10-2022,Halifax,York,1,0,H
CC,04-10-2022,Chesterfield,Dag and Red,2,3,A
CC,04-10-2022,Dorking,Yeovil,1,1,D
CC,04-10-2022,Boreham Wood,Bromley,0,2,A
CC,04-10-2022,Barnet,Maidstone,4,3,H
CC,04-10-2022,Aldershot,Eastleigh,0,0,D
CC,04-10-2022,Torquay,Maidenhead,2,3,A
CC,04-10-2022,Gateshead,Altrincham,1,3,A
CC,08-10-2022,Yeovil,Solihull,1,0,H
CC,08-10-2022,Wrexham,Barnet,7,5,H
CC,08-10-2022,Woking,Notts County,2,3,A
CC,08-10-2022,York,Torquay,1,0,H
CC,08-10-2022,Scunthorpe,Aldershot,3,3,D
CC,08-10-2022,Wealdstone,Boreham Wood,1,2,A
CC,08-10-2022,Maidenhead,Oldham,1,1,D
CC,08-10-2022,Dag and Red,Southend,1,1,D
CC,08-10-2022,Altrincham,Dorking,4,1,H
CC,08-10-2022,Maidstone,Halifax,1,1,D
CC,08-10-2022,Eastleigh,Chesterfield,2,1,H
CC,08-10-2022,Bromley,Gateshead,1,1,D
CC,11-10-2022,York,Dag and Red,1,1,D
CC,21-10-2022,Notts County,Maidstone,3,0,H
CC,22-10-2022,Torquay,Altrincham,4,4,D
CC,22-10-2022,Southend,Scunthorpe,3,0,H
CC,22-10-2022,Solihull,Eastleigh,3,0,H
CC,22-10-2022,Oldham,Yeovil,2,0,H
CC,22-10-2022,Halifax,Dag and Red,2,0,H
CC,22-10-2022,Gateshead,Woking,1,3,A
CC,22-10-2022,Boreham Wood,Wrexham,1,1,D
CC,22-10-2022,Barnet,Maidenhead,2,1,H
CC,22-10-2022,Aldershot,York,2,1,H
CC,22-10-2022,Dorking,Wealdstone,3,1,H
CC,22-10-2022,Chesterfield,Bromley,3,2,H
CC,25-10-2022,Wealdstone,Notts County,1,6,A
CC,25-10-2022,York,Chesterfield,1,1,D
CC,25-10-2022,Yeovil,Aldershot,0,2,A
CC,25-10-2022,Wrexham,Halifax,3,1,H
CC,25-10-2022,Woking,Dorking,3,3,D
CC,25-10-2022,Scunthorpe,Gateshead,3,1,H
CC,25-10-2022,Maidenhead,Solihull,0,2,A
CC,25-10-2022,Eastleigh,Torquay,1,0,H
CC,25-10-2022,Dag and Red,Boreham Wood,1,1,D
CC,25-10-2022,Bromley,Barnet,1,3,A
CC,25-10-2022,Altrincham,Oldham,1,0,H
CC,25-10-2022,Maidstone,Southend,0,3,A
CC,28-10-2022,Barnet,Scunthorpe,1,1,D
CC,29-10-2022,Halifax,Oldham,2,1,H
CC,29-10-2022,York,Southend,0,2,A
CC,29-10-2022,Wrexham,Altrincham,4,0,H
CC,29-10-2022,Woking,Eastleigh,1,0,H
CC,29-10-2022,Maidstone,Yeovil,1,1,D
CC,29-10-2022,Notts County,Torquay,4,0,H
CC,29-10-2022,Gateshead,Solihull,1,1,D
CC,29-10-2022,Dorking,Aldershot,0,3,A
CC,29-10-2022,Dag and Red,Wealdstone,4,1,H
CC,29-10-2022,Chesterfield,Boreham Wood,2,0,H
CC,29-10-2022,Maidenhead,Bromley,1,0,H
CC,01-11-2022,Woking,Yeovil,1,0,H
CC,01-11-2022,Altrincham,Wealdstone,0,1,A
CC,01-11-2022,Barnet,Southend,0,3,A
CC,01-11-2022,Chesterfield,Gateshead,2,1,H
CC,01-11-2022,Eastleigh,Scunthorpe,2,0,H
CC,01-11-2022,Maidstone,Solihull,0,0,D
CC,01-11-2022,Notts County,Bromley,1,1,D
CC,01-11-2022,Torquay,Aldershot,6,1,H
CC,01-11-2022,Wrexham,Maidenhead,1,0,H
CC,08-11-2022,Southend,Notts County,2,2,D
CC,08-11-2022,Yeovil,Maidenhead,0,0,D
CC,08-11-2022,Solihull,Halifax,0,1,A
CC,08-11-2022,Eastleigh,Maidstone,5,2,H
CC,08-11-2022,Boreham Wood,York,1,1,D
CC,08-11-2022,Altrincham,Barnet,0,2,A
CC,09-11-2022,Bromley,Woking,0,2,A
CC,09-11-2022,Scunthorpe,Wrexham,1,3,A
CC,09-11-2022,Torquay,Dorking,3,3,D
CC,12-11-2022,Altrincham,York,2,1,H
CC,12-11-2022,Yeovil,Gateshead,3,1,H
CC,12-11-2022,Wealdstone,Wrexham,0,0,D
CC,12-11-2022,Torquay,Chesterfield,1,5,A
CC,12-11-2022,Southend,Dorking,2,0,H
CC,12-11-2022,Solihull,Dag and Red,0,3,A
CC,12-11-2022,Scunthorpe,Maidstone,0,2,A
CC,12-11-2022,Oldham,Barnet,0,2,A
CC,12-11-2022,Eastleigh,Notts County,0,2,A
CC,12-11-2022,Bromley,Halifax,1,1,D
CC,12-11-2022,Boreham Wood,Woking,0,1,A
CC,12-11-2022,Aldershot,Maidenhead,1,2,A
CC,19-11-2022,York,Wealdstone,1,2,A
CC,19-11-2022,Wrexham,Aldershot,2,0,H
CC,19-11-2022,Woking,Altrincham,1,1,D
CC,19-11-2022,Maidstone,Oldham,0,0,D
CC,19-11-2022,Maidenhead,Eastleigh,2,1,H
CC,19-11-2022,Notts County,Yeovil,0,0,D
CC,19-11-2022,Gateshead,Southend,3,1,H
CC,19-11-2022,Dorking,Bromley,2,3,A
CC,19-11-2022,Halifax,Boreham Wood,1,0,H
CC,19-11-2022,Dag and Red,Scunthorpe,2,1,H
CC,19-11-2022,Chesterfield,Solihull,2,0,H
CC,19-11-2022,Barnet,Torquay,1,0,H
CC,26-11-2022,Yeovil,Halifax,1,0,H
CC,26-11-2022,Wealdstone,Scunthorpe,3,1,H
CC,26-11-2022,Torquay,Gateshead,1,1,D
CC,26-11-2022,Dorking,York,1,0,H
CC,26-11-2022,Altrincham,Eastleigh,2,1,H
CC,26-11-2022,Aldershot,Southend,2,0,H
CC,26-11-2022,Maidstone,Maidenhead,3,2,H
CC,03-12-2022,Solihull,Oldham,2,1,H
CC,03-12-2022,Woking,Maidstone,3,1,H
CC,03-12-2022,York,Wrexham,1,1,D
CC,03-12-2022,Southend,Altrincham,2,2,D
CC,03-12-2022,Scunthorpe,Notts County,1,4,A
CC,03-12-2022,Dag and Red,Torquay,0,1,A
CC,03-12-2022,Halifax,Chesterfield,1,0,H
CC,03-12-2022,Gateshead,Aldershot,0,2,A
CC,03-12-2022,Eastleigh,Boreham Wood,1,0,H
CC,03-12-2022,Barnet,Wealdstone,2,0,H
CC,03-12-2022,Maidenhead,Dorking,1,1,D
CC,06-12-2022,Boreham Wood,Oldham,2,1,H
CC,06-12-2022,Halifax,Dorking,3,1,H
CC,10-12-2022,Woking,York,0,2,A
CC,10-12-2022,Yeovil,Scunthorpe,0,0,D
CC,10-12-2022,Maidstone,Altrincham,2,3,A
CC,10-12-2022,Eastleigh,Wrexham,0,2,A
CC,10-12-2022,Chesterfield,Dorking,3,1,H
CC,10-12-2022,Bromley,Wealdstone,3,3,D
CC,10-12-2022,Maidenhead,Notts County,3,4,A
CC,11-12-2022,Oldham,Torquay,3,2,H
CC,13-12-2022,Dorking,Maidstone,3,2,H
CC,13-12-2022,Notts County,Gateshead,2,0,H
CC,26-12-2022,Dorking,Eastleigh,1,1,D
CC,26-12-2022,Wealdstone,Maidenhead,3,2,H
CC,26-12-2022,Torquay,Yeovil,1,1,D
CC,26-12-2022,Southend,Bromley,0,1,A
CC,26-12-2022,Scunthorpe,Chesterfield,1,2,A
CC,26-12-2022,Barnet,Boreham Wood,2,1,H
CC,26-12-2022,Dag and Red,Maidstone,1,0,H
CC,26-12-2022,Wrexham,Solihull,5,0,H
CC,26-12-2022,Altrincham,Halifax,2,1,H
CC,26-12-2022,Aldershot,Woking,1,2,A
CC,26-12-2022,Notts County,Oldham,4,1,H
CC,26-12-2022,York,Gateshead,0,3,A
CC,01-01-2023,Woking,Aldershot,4,1,H
CC,01-01-2023,Yeovil,Torquay,2,0,H
CC,01-01-2023,Maidenhead,Wealdstone,0,0,D
CC,01-01-2023,Oldham,Notts County,2,2,D
CC,01-01-2023,Eastleigh,Dorking,4,0,H
CC,01-01-2023,Chesterfield,Scunthorpe,4,1,H
CC,01-01-2023,Bromley,Southend,0,0,D
CC,01-01-2023,Halifax,Altrincham,2,2,D
CC,02-01-2023,Boreham Wood,Barnet,1,1,D
CC,02-01-2023,Gateshead,York,2,2,D
CC,02-01-2023,Maidstone,Dag and Red,0,1,A
CC,02-01-2023,Solihull,Wrexham,1,2,A
CC,07-01-2023,York,Maidstone,4,1,H
CC,07-01-2023,Wealdstone,Eastleigh,3,1,H
CC,07-01-2023,Torquay,Halifax,1,0,H
CC,07-01-2023,Southend,Solihull,3,0,H
CC,07-01-2023,Scunthorpe,Maidenhead,3,0,H
CC,07-01-2023,Dag and Red,Woking,1,2,A
CC,07-01-2023,Barnet,Gateshead,1,1,D
CC,07-01-2023,Aldershot,Notts County,0,3,A
CC,07-01-2023,Dorking,Oldham,1,5,A
CC,10-01-2023,Wrexham,Bromley,2,1,H
CC,10-01-2023,Aldershot,Dag and Red,0,2,A
CC,10-01-2023,Notts County,Boreham Wood,1,1,D
CC,14-01-2023,Bromley,Yeovil,4,1,H
CC,14-01-2023,Scunthorpe,Woking,0,2,A
CC,17-01-2023,Altrincham,Maidenhead,3,2,H
CC,17-01-2023,Solihull,Aldershot,1,2,A
CC,21-01-2023,Bromley,Aldershot,2,2,D
CC,21-01-2023,Maidstone,Wrexham,2,3,A
CC,24-01-2023,Oldham,York,2,0,H
CC,24-01-2023,Maidstone,Aldershot,0,3,A
CC,24-01-2023,Bromley,Dag and Red,1,1,D
CC,24-01-2023,Chesterfield,Altrincham,1,0,H
CC,24-01-2023,Gateshead,Wrexham,0,3,A
CC,25-01-2023,Halifax,Scunthorpe,0,1,A
CC,28-01-2023,York,Maidenhead,1,2,A
CC,28-01-2023,Torquay,Maidstone,1,0,H
CC,28-01-2023,Southend,Eastleigh,1,3,A
CC,28-01-2023,Scunthorpe,Bromley,1,1,D
CC,28-01-2023,Notts County,Halifax,1,0,H
CC,28-01-2023,Wealdstone,Gateshead,1,2,A
CC,28-01-2023,Dag and Red,Yeovil,0,2,A
CC,28-01-2023,Barnet,Chesterfield,3,0,H
CC,28-01-2023,Altrincham,Boreham Wood,0,2,A
CC,28-01-2023,Aldershot,Oldham,1,1,D
CC,28-01-2023,Dorking,Solihull,0,3,A
CC,31-01-2023,Aldershot,Boreham Wood,0,1,A
CC,31-01-2023,Eastleigh,Barnet,0,2,A
CC,31-01-2023,Solihull,Notts County,1,2,A
CC,31-01-2023,Woking,Torquay,1,1,D
CC,31-01-2023,Yeovil,Wealdstone,0,0,D
CC,03-02-2023,Scunthorpe,Barnet,1,3,A
CC,04-02-2023,Torquay,Notts County,1,2,A
CC,04-02-2023,Altrincham,Wrexham,1,2,A
CC,04-02-2023,Yeovil,Maidstone,2,2,D
CC,04-02-2023,Wealdstone,Dag and Red,1,0,H
CC,04-02-2023,Solihull,Gateshead,0,2,A
CC,04-02-2023,Southend,York,2,0,H
CC,04-02-2023,Eastleigh,Woking,1,0,H
CC,04-02-2023,Bromley,Maidenhead,1,1,D
CC,04-02-2023,Boreham Wood,Chesterfield,1,0,H
CC,04-02-2023,Aldershot,Dorking,2,0,H
CC,04-02-2023,Oldham,Halifax,0,1,A
CC,07-02-2023,Chesterfield,Woking,1,3,A
CC,07-02-2023,Halifax,Barnet,1,3,A
CC,07-02-2023,Maidenhead,Southend,1,2,A
CC,07-02-2023,Oldham,Dag and Red,4,2,H
CC,07-02-2023,York,Solihull,2,3,A
CC,11-02-2023,Chesterfield,Notts County,1,2,A
CC,11-02-2023,Wrexham,Wealdstone,3,1,H
CC,11-02-2023,Woking,Boreham Wood,2,2,D
CC,11-02-2023,Dag and Red,Solihull,2,1,H
CC,14-02-2023,Aldershot,Chesterfield,1,1,D
CC,14-02-2023,Altrincham,Bromley,1,2,A
CC,14-02-2023,Boreham Wood,Solihull,1,1,D
CC,14-02-2023,Dag and Red,Eastleigh,0,1,A
CC,14-02-2023,Notts County,Barnet,4,1,H
CC,14-02-2023,Oldham,Gateshead,2,2,D
CC,14-02-2023,Southend,Halifax,2,1,H
CC,14-02-2023,Wrexham,Woking,2,2,D
CC,18-02-2023,Torquay,Barnet,2,1,H
CC,18-02-2023,Wealdstone,York,3,1,H
CC,18-02-2023,Southend,Gateshead,1,0,H
CC,18-02-2023,Yeovil,Notts County,1,4,A
CC,18-02-2023,Boreham Wood,Halifax,1,1,D
CC,18-02-2023,Solihull,Chesterfield,0,0,D
CC,18-02-2023,Altrincham,Woking,3,1,H
CC,18-02-2023,Oldham,Maidstone,2,0,H
CC,18-02-2023,Eastleigh,Maidenhead,1,0,H
CC,18-02-2023,Bromley,Dorking,2,0,H
CC,18-02-2023,Aldershot,Wrexham,3,4,A
CC,18-02-2023,Scunthorpe,Dag and Red,3,2,H
CC,21-02-2023,York,Boreham Wood,1,1,D
CC,21-02-2023,Wrexham,Scunthorpe,2,0,H
CC,21-02-2023,Woking,Bromley,2,1,H
CC,21-02-2023,Notts County,Southend,4,0,H
CC,21-02-2023,Maidstone,Eastleigh,1,3,A
CC,21-02-2023,Maidenhead,Yeovil,2,0,H
CC,21-02-2023,Gateshead,Oldham,2,1,H
CC,21-02-2023,Dorking,Torquay,3,2,H
CC,21-02-2023,Dag and Red,Aldershot,2,1,H
CC,21-02-2023,Chesterfield,Wealdstone,1,1,D
CC,21-02-2023,Barnet,Altrincham,2,4,A
CC,21-02-2023,Halifax,Solihull,1,1,D
CC,25-02-2023,Notts County,Dag and Red,1,2,A
CC,25-02-2023,York,Yeovil,2,1,H
CC,25-02-2023,Wrexham,Dorking,3,1,H
CC,25-02-2023,Woking,Wealdstone,1,1,D
CC,25-02-2023,Torquay,Southend,1,2,A
CC,25-02-2023,Maidstone,Gateshead,1,1,D
CC,25-02-2023,Eastleigh,Bromley,0,0,D
CC,25-02-2023,Chesterfield,Oldham,0,1,A
CC,25-02-2023,Boreham Wood,Scunthorpe,2,0,H
CC,25-02-2023,Barnet,Aldershot,4,1,H
CC,25-02-2023,Altrincham,Solihull,4,1,H
CC,25-02-2023,Halifax,Maidenhead,0,1,A
CC,28-02-2023,Yeovil,Altrincham,1,1,D
CC,28-02-2023,Wrexham,Chesterfield,2,1,H
CC,28-02-2023,Torquay,Bromley,1,2,A
CC,28-02-2023,Maidstone,Scunthorpe,1,1,D
CC,28-02-2023,Maidenhead,Dag and Red,2,1,H
CC,28-02-2023,Eastleigh,York,1,0,H
CC,28-02-2023,Boreham Wood,Dorking,1,0,H
CC,28-02-2023,Barnet,Oldham,1,3,A
CC,28-02-2023,Halifax,Wealdstone,5,0,H
CC,03-03-2023,Southend,Barnet,0,1,A
CC,04-03-2023,Solihull,Maidstone,2,0,H
CC,04-03-2023,Maidenhead,Wrexham,2,2,D
CC,04-03-2023,Yeovil,Woking,0,1,A
CC,04-03-2023,Wealdstone,Altrincham,4,0,H
CC,04-03-2023,Oldham,Boreham Wood,0,2,A
CC,04-03-2023,Scunthorpe,Eastleigh,0,1,A
CC,04-03-2023,Dorking,Halifax,0,0,D
CC,04-03-2023,Dag and Red,York,2,1,H
CC,04-03-2023,Bromley,Notts County,1,1,D
CC,04-03-2023,Aldershot,Torquay,1,1,D
CC,04-03-2023,Gateshead,Chesterfield,1,2,A
CC,07-03-2023,Solihull,Torquay,3,2,H
CC,07-03-2023,Yeovil,Eastleigh,1,0,H
CC,07-03-2023,Wealdstone,Maidstone,2,1,H
CC,07-03-2023,Southend,Chesterfield,1,2,A
CC,07-03-2023,Scunthorpe,Altrincham,2,0,H
CC,07-03-2023,Gateshead,Halifax,0,0,D
CC,07-03-2023,Maidenhead,Boreham Wood,0,1,A
CC,07-03-2023,Dorking,Barnet,2,1,H
CC,07-03-2023,Dag and Red,Wrexham,0,4,A
CC,07-03-2023,Bromley,York,0,3,A
CC,07-03-2023,Oldham,Woking,1,0,H
CC,11-03-2023,Notts County,Dorking,3,1,H
CC,11-03-2023,Woking,Maidenhead,2,0,H
CC,11-03-2023,Wrexham,Southend,1,0,H
CC,11-03-2023,Eastleigh,Oldham,1,0,H
CC,11-03-2023,Chesterfield,Yeovil,1,1,D
CC,11-03-2023,Torquay,Wealdstone,1,2,A
CC,14-03-2023,York,Altrincham,1,2,A
CC,14-03-2023,Wealdstone,Chesterfield,0,4,A
CC,14-03-2023,Solihull,Scunthorpe,3,1,H
CC,14-03-2023,Barnet,Yeovil,2,1,H
CC,14-03-2023,Maidenhead,Aldershot,1,1,D
CC,14-03-2023,Boreham Wood,Southend,1,0,H
CC,14-03-2023,Notts County,Eastleigh,3,1,H
CC,18-03-2023,York,Dorking,2,1,H
CC,18-03-2023,Woking,Chesterfield,0,1,A
CC,18-03-2023,Barnet,Notts County,1,1,D
CC,18-03-2023,Bromley,Wrexham,1,2,A
CC,18-03-2023,Dag and Red,Oldham,1,1,D
CC,18-03-2023,Eastleigh,Altrincham,3,2,H
CC,18-03-2023,Gateshead,Torquay,1,1,D
CC,18-03-2023,Halifax,Yeovil,1,1,D
CC,18-03-2023,Maidenhead,Maidstone,2,1,H
CC,18-03-2023,Scunthorpe,Wealdstone,4,1,H
CC,18-03-2023,Solihull,Boreham Wood,2,0,H
CC,18-03-2023,Southend,Aldershot,1,2,A
CC,25-03-2023,Wealdstone,Barnet,0,2,A
CC,25-03-2023,Torquay,Dag and Red,1,2,A
CC,25-03-2023,Yeovil,Bromley,0,1,A
CC,25-03-2023,Wrexham,York,3,0,H
CC,25-03-2023,Oldham,Solihull,1,1,D
CC,25-03-2023,Notts County,Scunthorpe,4,0,H
CC,25-03-2023,Dorking,Maidenhead,3,1,H
CC,25-03-2023,Chesterfield,Halifax,2,0,H
CC,25-03-2023,Boreham Wood,Eastleigh,0,0,D
CC,25-03-2023,Altrincham,Southend,1,0,H
CC,25-03-2023,Aldershot,Gateshead,2,3,A
CC,25-03-2023,Maidstone,Woking,1,2,A
CC,28-03-2023,York,Scunthorpe,0,0,D
CC,28-03-2023,Woking,Barnet,1,1,D
CC,28-03-2023,Wealdstone,Oldham,2,2,D
CC,28-03-2023,Halifax,Aldershot,2,0,H
CC,28-03-2023,Maidstone,Bromley,2,3,A
CC,28-03-2023,Dorking,Southend,1,0,H
CC,28-03-2023,Boreham Wood,Torquay,0,1,A
CC,28-03-2023,Altrincham,Notts County,0,2,A
CC,28-03-2023,Gateshead,Dag and Red,3,0,H
CC,01-04-2023,Yeovil,Southend,0,2,A
CC,01-04-2023,Bromley,Solihull,4,0,H
CC,01-04-2023,Dag and Red,Dorking,0,2,A
CC,01-04-2023,Maidenhead,Chesterfield,0,0,D
CC,01-04-2023,Maidstone,Boreham Wood,0,4,A
CC,01-04-2023,Scunthorpe,Torquay,0,1,A
CC,01-04-2023,Wrexham,Oldham,5,1,H
CC,03-04-2023,York,Barnet,1,0,H
CC,04-04-2023,Gateshead,Yeovil,4,0,H
CC,07-04-2023,Oldham,Altrincham,2,2,D
CC,07-04-2023,Torquay,Eastleigh,2,0,H
CC,07-04-2023,Southend,Maidstone,2,0,H
CC,07-04-2023,Solihull,Maidenhead,1,1,D
CC,07-04-2023,Boreham Wood,Dag and Red,0,1,A
CC,07-04-2023,Notts County,Wealdstone,3,0,H
CC,07-04-2023,Aldershot,Yeovil,1,1,D
CC,07-04-2023,Gateshead,Scunthorpe,2,0,H
CC,07-04-2023,Dorking,Woking,1,2,A
CC,07-04-2023,Chesterfield,York,1,3,A
CC,07-04-2023,Barnet,Bromley,1,1,D
CC,07-04-2023,Halifax,Wrexham,3,1,H
CC,10-04-2023,Yeovil,Dorking,0,1,A
CC,10-04-2023,Altrincham,Gateshead,0,1,A
CC,10-04-2023,Bromley,Boreham Wood,1,1,D
CC,10-04-2023,Dag and Red,Chesterfield,0,1,A
CC,10-04-2023,Eastleigh,Aldershot,3,3,D
CC,10-04-2023,Maidenhead,Torquay,1,3,A
CC,10-04-2023,Maidstone,Barnet,0,0,D
CC,10-04-2023,Scunthorpe,Oldham,0,2,A
CC,10-04-2023,Woking,Southend,1,1,D
CC,10-04-2023,Wrexham,Notts County,3,2,H
CC,10-04-2023,York,Halifax,0,3,A
CC,12-04-2023,Eastleigh,Gateshead,2,5,A
CC,15-04-2023,Southend,Dag and Red,2,0,H
CC,15-04-2023,Solihull,Yeovil,2,2,D
CC,15-04-2023,Notts County,Woking,3,0,H
CC,15-04-2023,Torquay,York,3,2,H
CC,15-04-2023,Oldham,Maidenhead,1,0,H
CC,15-04-2023,Halifax,Maidstone,3,0,H
CC,15-04-2023,Dorking,Altrincham,3,2,H
CC,15-04-2023,Chesterfield,Eastleigh,3,2,H
CC,15-04-2023,Boreham Wood,Wealdstone,1,0,H
CC,15-04-2023,Aldershot,Scunthorpe,2,1,H
CC,15-04-2023,Barnet,Wrexham,0,0,D
CC,15-04-2023,Gateshead,Bromley,0,3,A
CC,18-04-2023,Gateshead,Dorking,0,0,D
CC,18-04-2023,Altrincham,Dag and Red,2,2,D
CC,18-04-2023,Barnet,Solihull,1,0,H
CC,18-04-2023,Chesterfield,Torquay,5,1,H
CC,18-04-2023,Halifax,Bromley,1,1,D
CC,18-04-2023,Oldham,Southend,2,0,H
CC,18-04-2023,Wealdstone,Aldershot,0,1,A
CC,18-04-2023,Wrexham,Yeovil,3,0,H
CC,22-04-2023,Yeovil,Oldham,0,3,A
CC,22-04-2023,Woking,Gateshead,2,1,H
CC,22-04-2023,Wrexham,Boreham Wood,3,1,H
CC,22-04-2023,York,Aldershot,2,2,D
CC,22-04-2023,Wealdstone,Dorking,2,2,D
CC,22-04-2023,Scunthorpe,Southend,1,3,A
CC,22-04-2023,Maidenhead,Barnet,1,1,D
CC,22-04-2023,Eastleigh,Solihull,0,0,D
CC,22-04-2023,Dag and Red,Halifax,0,0,D
CC,22-04-2023,Bromley,Chesterfield,2,0,H
CC,22-04-2023,Altrincham,Torquay,2,2,D
CC,22-04-2023,Maidstone,Notts County,2,5,A
CC,25-04-2023,Boreham Wood,Gateshead,0,2,A
CC,25-04-2023,Wealdstone,Solihull,3,0,H
CC,25-04-2023,Woking,Halifax,0,1,A
CC,29-04-2023,Torquay,Wrexham,1,1,D
CC,29-04-2023,Southend,Wealdstone,2,1,H
CC,29-04-2023,Solihull,Woking,0,1,A
CC,29-04-2023,Oldham,Bromley,1,1,D
CC,29-04-2023,Notts County,York,1,1,D
CC,29-04-2023,Halifax,Eastleigh,1,1,D
CC,29-04-2023,Barnet,Dag and Red,0,2,A
CC,29-04-2023,Dorking,Scunthorpe,2,1,H
CC,29-04-2023,Chesterfield,Maidstone,4,0,H
CC,29-04-2023,Boreham Wood,Yeovil,1,0,H
CC,29-04-2023,Aldershot,Altrincham,1,1,D
CC,29-04-2023,Gateshead,Maidenhead,4,0,H
CC,05-08-2023,Wealdstone,York,2,1,H
CC,05-08-2023,Southend,Oldham,4,0,H
CC,05-08-2023,Solihull,Eastleigh,1,1,D
CC,05-08-2023,Rochdale,Ebbsfleet,0,1,A
CC,05-08-2023,Maidenhead,Fylde,2,2,D
CC,05-08-2023,Kidderminster,Woking,0,0,D
CC,05-08-2023,Halifax,Bromley,2,0,H
CC,05-08-2023,Gateshead,Boreham Wood,2,2,D
CC,05-08-2023,Chesterfield,Dorking,4,3,H
CC,05-08-2023,Barnet,Hartlepool,3,2,H
CC,05-08-2023,Altrincham,Dag and Red,1,1,D
CC,05-08-2023,Aldershot,Oxford City,5,2,H
CC,12-08-2023,Bromley,Barnet,0,2,A
CC,12-08-2023,York,Kidderminster,0,1,A
CC,12-08-2023,Woking,Altrincham,2,3,A
CC,12-08-2023,Oxford City,Rochdale,0,1,A
CC,12-08-2023,Oldham,Aldershot,5,1,H
CC,12-08-2023,Hartlepool,Gateshead,2,1,H
CC,12-08-2023,Fylde,Chesterfield,2,4,A
CC,12-08-2023,Ebbsfleet,Solihull,1,2,A
CC,12-08-2023,Eastleigh,Wealdstone,0,0,D
CC,12-08-2023,Dorking,Maidenhead,0,2,A
CC,12-08-2023,Dag and Red,Southend,0,2,A
CC,12-08-2023,Boreham Wood,Halifax,2,0,H
CC,15-08-2023,York,Altrincham,2,2,D
CC,15-08-2023,Woking,Rochdale,3,2,H
CC,15-08-2023,Oxford City,Chesterfield,1,2,A
CC,15-08-2023,Oldham,Halifax,1,2,A
CC,15-08-2023,Hartlepool,Maidenhead,3,1,H
CC,15-08-2023,Ebbsfleet,Aldershot,2,0,H
CC,15-08-2023,Eastleigh,Barnet,3,3,D
CC,15-08-2023,Dorking,Southend,2,1,H
CC,15-08-2023,Dag and Red,Gateshead,2,4,A
CC,15-08-2023,Bromley,Wealdstone,1,1,D
CC,15-08-2023,Fylde,Kidderminster,2,1,H
CC,16-08-2023,Boreham Wood,Solihull,1,2,A
CC,19-08-2023,Gateshead,Ebbsfleet,4,1,H
CC,19-08-2023,Southend,Hartlepool,2,3,A
CC,19-08-2023,Solihull,Dorking,3,0,H
CC,19-08-2023,Rochdale,Eastleigh,2,0,H
CC,19-08-2023,Maidenhead,Dag and Red,1,0,H
CC,19-08-2023,Kidderminster,Bromley,0,0,D
CC,19-08-2023,Barnet,Woking,2,0,H
CC,19-08-2023,Wealdstone,Fylde,3,2,H
CC,19-08-2023,Altrincham,Boreham Wood,1,1,D
CC,19-08-2023,Aldershot,York,1,1,D
CC,19-08-2023,Chesterfield,Oldham,1,1,D
CC,19-08-2023,Halifax,Oxford City,1,1,D
CC,25-08-2023,Solihull,Halifax,1,1,D
CC,25-08-2023,Southend,Eastleigh,2,0,H
CC,25-08-2023,Rochdale,Bromley,2,2,D
CC,26-08-2023,Gateshead,Woking,1,3,A
CC,26-08-2023,Ebbsfleet,Kidderminster,3,0,H
CC,26-08-2023,Maidenhead,Oxford City,0,0,D
CC,26-08-2023,Dorking,York,2,2,D
CC,26-08-2023,Hartlepool,Fylde,3,1,H
CC,26-08-2023,Boreham Wood,Oldham,0,0,D
CC,26-08-2023,Altrincham,Chesterfield,2,1,H
CC,26-08-2023,Aldershot,Wealdstone,3,1,H
CC,26-08-2023,Dag and Red,Barnet,1,0,H
CC,28-08-2023,Wealdstone,Dag and Red,0,2,A
CC,28-08-2023,Eastleigh,Aldershot,3,0,H
CC,28-08-2023,York,Rochdale,1,3,A
CC,28-08-2023,Oxford City,Boreham Wood,4,0,H
CC,28-08-2023,Woking,Dorking,2,0,H
CC,28-08-2023,Oldham,Solihull,0,2,A
CC,28-08-2023,Bromley,Southend,2,1,H
CC,28-08-2023,Halifax,Gateshead,0,0,D
CC,28-08-2023,Fylde,Altrincham,3,3,D
CC,28-08-2023,Chesterfield,Hartlepool,3,2,H
CC,28-08-2023,Kidderminster,Maidenhead,0,0,D
CC,28-08-2023,Barnet,Ebbsfleet,3,2,H
CC,02-09-2023,Gateshead,Oldham,2,2,D
CC,02-09-2023,Southend,Kidderminster,2,1,H
CC,02-09-2023,Solihull,Oxford City,3,3,D
CC,02-09-2023,Rochdale,Halifax,0,1,A
CC,02-09-2023,Maidenhead,Woking,0,0,D
CC,02-09-2023,Hartlepool,Wealdstone,2,1,H
CC,02-09-2023,Ebbsfleet,York,4,1,H
CC,02-09-2023,Dorking,Eastleigh,0,0,D
CC,02-09-2023,Dag and Red,Fylde,3,1,H
CC,02-09-2023,Boreham Wood,Barnet,0,1,A
CC,02-09-2023,Altrincham,Bromley,1,2,A
CC,02-09-2023,Aldershot,Chesterfield,3,4,A
CC,09-09-2023,York,Boreham Wood,2,2,D
CC,09-09-2023,Woking,Solihull,1,1,D
CC,09-09-2023,Wealdstone,Ebbsfleet,2,1,H
CC,09-09-2023,Oxford City,Hartlepool,5,2,H
CC,09-09-2023,Oldham,Dorking,0,0,D
CC,09-09-2023,Kidderminster,Rochdale,1,1,D
CC,09-09-2023,Eastleigh,Gateshead,0,6,A
CC,09-09-2023,Chesterfield,Dag and Red,3,1,H
CC,09-09-2023,Bromley,Maidenhead,4,1,H
CC,09-09-2023,Barnet,Altrincham,3,0,H
CC,09-09-2023,Halifax,Southend,1,1,D
CC,09-09-2023,Fylde,Aldershot,0,2,A
CC,16-09-2023,Hartlepool,Woking,0,2,A
CC,16-09-2023,Kidderminster,Solihull,0,1,A
CC,16-09-2023,York,Southend,3,0,H
CC,16-09-2023,Wealdstone,Altrincham,0,0,D
CC,16-09-2023,Rochdale,Barnet,4,2,H
CC,16-09-2023,Oxford City,Dag and Red,0,0,D
CC,16-09-2023,Fylde,Eastleigh,1,2,A
CC,16-09-2023,Halifax,Dorking,0,1,A
CC,16-09-2023,Ebbsfleet,Chesterfield,0,1,A
CC,16-09-2023,Bromley,Oldham,3,0,H
CC,16-09-2023,Aldershot,Gateshead,1,1,D
CC,16-09-2023,Maidenhead,Boreham Wood,0,1,A
CC,19-09-2023,Oldham,York,2,0,H
CC,19-09-2023,Solihull,Fylde,2,1,H
CC,19-09-2023,Gateshead,Kidderminster,3,0,H
CC,19-09-2023,Woking,Ebbsfleet,1,1,D
CC,19-09-2023,Southend,Maidenhead,2,0,H
CC,19-09-2023,Eastleigh,Oxford City,2,2,D
CC,19-09-2023,Dorking,Wealdstone,3,1,H
CC,19-09-2023,Dag and Red,Bromley,0,1,A
CC,19-09-2023,Chesterfield,Halifax,3,2,H
CC,19-09-2023,Boreham Wood,Rochdale,1,1,D
CC,19-09-2023,Barnet,Aldershot,2,1,H
CC,19-09-2023,Altrincham,Hartlepool,2,2,D
CC,23-09-2023,Southend,Fylde,1,2,A
CC,23-09-2023,Solihull,Bromley,1,1,D
CC,23-09-2023,Oldham,Oxford City,4,0,H
CC,23-09-2023,Gateshead,Maidenhead,3,0,H
CC,23-09-2023,Eastleigh,Kidderminster,2,1,H
CC,23-09-2023,Dorking,Rochdale,1,2,A
CC,23-09-2023,Chesterfield,Wealdstone,3,2,H
CC,23-09-2023,Boreham Wood,Aldershot,1,2,A
CC,23-09-2023,Barnet,Halifax,0,0,D
CC,23-09-2023,Altrincham,Ebbsfleet,6,1,H
CC,23-09-2023,Woking,York,1,2,A
CC,23-09-2023,Dag and Red,Hartlepool,0,1,A
CC,26-09-2023,Maidenhead,Altrincham,0,1,A
CC,26-09-2023,Rochdale,Chesterfield,1,2,A
CC,26-09-2023,York,Barnet,2,4,A
CC,26-09-2023,Wealdstone,Woking,1,0,H
CC,26-09-2023,Oxford City,Gateshead,0,4,A
CC,26-09-2023,Kidderminster,Oldham,1,2,A
CC,26-09-2023,Hartlepool,Solihull,0,2,A
CC,26-09-2023,Halifax,Dag and Red,0,0,D
CC,26-09-2023,Fylde,Boreham Wood,2,2,D
CC,26-09-2023,Ebbsfleet,Dorking,0,1,A
CC,26-09-2023,Bromley,Eastleigh,1,0,H
CC,26-09-2023,Aldershot,Southend,1,1,D
CC,30-09-2023,Oxford City,Altrincham,1,2,A
CC,30-09-2023,York,Solihull,2,2,D
CC,30-09-2023,Wealdstone,Oldham,1,1,D
CC,30-09-2023,Rochdale,Southend,2,2,D
CC,30-09-2023,Maidenhead,Chesterfield,1,1,D
CC,30-09-2023,Kidderminster,Barnet,1,2,A
CC,30-09-2023,Hartlepool,Dorking,0,2,A
CC,30-09-2023,Halifax,Eastleigh,2,3,A
CC,30-09-2023,Fylde,Woking,0,2,A
CC,30-09-2023,Ebbsfleet,Boreham Wood,3,1,H
CC,30-09-2023,Bromley,Gateshead,3,1,H
CC,30-09-2023,Aldershot,Dag and Red,3,2,H
CC,03-10-2023,Woking,Halifax,1,2,A
CC,03-10-2023,Solihull,Rochdale,2,0,H
CC,03-10-2023,Oldham,Maidenhead,1,1,D
CC,03-10-2023,Gateshead,Wealdstone,2,1,H
CC,03-10-2023,Eastleigh,Ebbsfleet,5,2,H
CC,03-10-2023,Southend,Oxford City,2,0,H
CC,03-10-2023,Dag and Red,York,1,2,A
CC,03-10-2023,Chesterfield,Bromley,2,0,H
CC,03-10-2023,Barnet,Fylde,2,1,H
CC,03-10-2023,Altrincham,Aldershot,2,1,H
CC,03-10-2023,Dorking,Kidderminster,0,1,A
CC,04-10-2023,Boreham Wood,Hartlepool,1,0,H
CC,07-10-2023,Dorking,Barnet,2,3,A
CC,07-10-2023,York,Bromley,2,2,D
CC,07-10-2023,Woking,Southend,0,2,A
CC,07-10-2023,Solihull,Aldershot,0,1,A
CC,07-10-2023,Oxford City,Fylde,3,0,H
CC,07-10-2023,Oldham,Dag and Red,1,1,D
CC,07-10-2023,Maidenhead,Rochdale,2,2,D
CC,07-10-2023,Kidderminster,Wealdstone,1,0,H
CC,07-10-2023,Hartlepool,Eastleigh,3,1,H
CC,07-10-2023,Gateshead,Altrincham,0,2,A
CC,07-10-2023,Ebbsfleet,Halifax,0,2,A
CC,07-10-2023,Boreham Wood,Chesterfield,0,2,A
CC,21-10-2023,Wealdstone,Boreham Wood,1,1,D
CC,21-10-2023,Southend,Solihull,5,0,H
CC,21-10-2023,Rochdale,Oldham,3,4,A
CC,21-10-2023,Halifax,Kidderminster,2,1,H
CC,21-10-2023,Fylde,Ebbsfleet,1,1,D
CC,21-10-2023,Eastleigh,York,3,1,H
CC,21-10-2023,Dag and Red,Woking,2,1,H
CC,21-10-2023,Bromley,Oxford City,3,1,H
CC,21-10-2023,Barnet,Maidenhead,3,2,H
CC,21-10-2023,Aldershot,Hartlepool,2,1,H
CC,24-10-2023,Wealdstone,Oxford City,3,1,H
CC,24-10-2023,Southend,Ebbsfleet,3,0,H
CC,24-10-2023,Rochdale,Gateshead,2,2,D
CC,24-10-2023,Halifax,Hartlepool,2,1,H
CC,24-10-2023,Fylde,Oldham,3,0,H
CC,24-10-2023,Eastleigh,Woking,0,1,A
CC,24-10-2023,Chesterfield,York,4,0,H
CC,24-10-2023,Bromley,Dorking,2,1,H
CC,24-10-2023,Barnet,Solihull,1,1,D
CC,24-10-2023,Altrincham,Kidderminster,1,1,D
CC,24-10-2023,Aldershot,Maidenhead,4,2,H
CC,24-10-2023,Dag and Red,Boreham Wood,1,3,A
CC,28-10-2023,Oldham,Altrincham,2,2,D
CC,28-10-2023,Woking,Bromley,0,1,A
CC,28-10-2023,Solihull,Wealdstone,1,0,H
CC,28-10-2023,Oxford City,Barnet,0,2,A
CC,28-10-2023,Maidenhead,Eastleigh,3,2,H
CC,28-10-2023,York,Halifax,1,1,D
CC,28-10-2023,Hartlepool,Rochdale,2,3,A
CC,28-10-2023,Gateshead,Fylde,0,4,A
CC,28-10-2023,Ebbsfleet,Dag and Red,0,1,A
CC,28-10-2023,Dorking,Aldershot,2,1,H
CC,28-10-2023,Boreham Wood,Southend,1,1,D
CC,28-10-2023,Kidderminster,Chesterfield,1,3,A
CC,04-11-2023,Dorking,Dag and Red,1,3,A
CC,11-11-2023,Dag and Red,Solihull,1,2,A
CC,11-11-2023,Wealdstone,Rochdale,3,2,H
CC,11-11-2023,Oxford City,Woking,3,2,H
CC,11-11-2023,Oldham,Eastleigh,1,1,D
CC,11-11-2023,Maidenhead,Halifax,1,0,H
CC,11-11-2023,Hartlepool,Ebbsfleet,2,2,D
CC,11-11-2023,Fylde,York,0,2,A
CC,11-11-2023,Chesterfield,Barnet,4,2,H
CC,11-11-2023,Boreham Wood,Bromley,1,1,D
CC,11-11-2023,Altrincham,Southend,2,0,H
CC,11-11-2023,Aldershot,Kidderminster,1,0,H
CC,11-11-2023,Gateshead,Dorking,6,0,H
CC,18-11-2023,Rochdale,Aldershot,2,1,H
CC,18-11-2023,Woking,Oldham,0,1,A
CC,18-11-2023,York,Hartlepool,1,3,A
CC,18-11-2023,Solihull,Maidenhead,1,2,A
CC,18-11-2023,Kidderminster,Dag and Red,0,1,A
CC,18-11-2023,Southend,Chesterfield,2,1,H
CC,18-11-2023,Ebbsfleet,Oxford City,0,4,A
CC,18-11-2023,Eastleigh,Altrincham,2,1,H
CC,18-11-2023,Dorking,Boreham Wood,2,1,H
CC,18-11-2023,Bromley,Fylde,1,0,H
CC,18-11-2023,Barnet,Gateshead,0,2,A
CC,18-11-2023,Halifax,Wealdstone,1,0,H
CC,21-11-2023,Bromley,Aldershot,2,3,A
CC,21-11-2023,Eastleigh,Boreham Wood,2,1,H
CC,21-11-2023,Ebbsfleet,Maidenhead,1,1,D
CC,21-11-2023,Halifax,Fylde,2,2,D
CC,21-11-2023,Kidderminster,Hartlepool,1,1,D
CC,21-11-2023,Rochdale,Altrincham,3,0,H
CC,21-11-2023,Solihull,Gateshead,1,2,A
CC,21-11-2023,Woking,Chesterfield,0,2,A
CC,21-11-2023,York,Oxford City,2,0,H
CC,22-11-2023,Barnet,Oldham,1,4,A
CC,25-11-2023,Fylde,Dorking,3,3,D
CC,25-11-2023,Aldershot,Halifax,1,0,H
CC,25-11-2023,Altrincham,Solihull,6,1,H
CC,25-11-2023,Boreham Wood,Woking,4,2,H
CC,25-11-2023,Chesterfield,Eastleigh,3,2,H
CC,25-11-2023,Dag and Red,Rochdale,1,2,A
CC,25-11-2023,Gateshead,Southend,1,1,D
CC,25-11-2023,Hartlepool,Bromley,1,4,A
CC,25-11-2023,Maidenhead,York,1,1,D
CC,25-11-2023,Oldham,Ebbsfleet,1,4,A
CC,25-11-2023,Oxford City,Kidderminster,2,2,D
CC,25-11-2023,Wealdstone,Barnet,3,2,H
CC,02-12-2023,Bromley,Rochdale,1,0,H
CC,02-12-2023,Kidderminster,Ebbsfleet,2,0,H
CC,02-12-2023,Oxford City,Maidenhead,1,4,A
CC,16-12-2023,Maidenhead,Kidderminster,1,0,H
CC,16-12-2023,Hartlepool,Chesterfield,0,1,A
CC,16-12-2023,Solihull,Oldham,2,3,A
CC,16-12-2023,Rochdale,York,0,0,D
CC,16-12-2023,Ebbsfleet,Barnet,1,1,D
CC,16-12-2023,Southend,Bromley,1,2,A
CC,16-12-2023,Dag and Red,Wealdstone,0,2,A
CC,16-12-2023,Boreham Wood,Oxford City,2,1,H
CC,16-12-2023,Altrincham,Fylde,2,1,H
CC,16-12-2023,Aldershot,Eastleigh,3,5,A
CC,16-12-2023,Gateshead,Halifax,0,2,A
CC,16-12-2023,Dorking,Woking,1,2,A
CC,23-12-2023,Bromley,Altrincham,2,2,D
CC,23-12-2023,York,Ebbsfleet,1,1,D
CC,23-12-2023,Woking,Maidenhead,0,0,D
CC,23-12-2023,Wealdstone,Hartlepool,4,4,D
CC,23-12-2023,Oxford City,Solihull,1,2,A
CC,23-12-2023,Oldham,Gateshead,1,2,A
CC,23-12-2023,Kidderminster,Southend,1,2,A
CC,23-12-2023,Halifax,Rochdale,2,2,D
CC,23-12-2023,Fylde,Dag and Red,1,1,D
CC,23-12-2023,Eastleigh,Dorking,2,1,H
CC,23-12-2023,Chesterfield,Aldershot,4,1,H
CC,23-12-2023,Barnet,Boreham Wood,6,0,H
CC,26-12-2023,Southend,Barnet,0,2,A
CC,26-12-2023,Solihull,Chesterfield,2,0,H
CC,26-12-2023,Rochdale,Fylde,2,0,H
CC,26-12-2023,Maidenhead,Wealdstone,0,2,A
CC,26-12-2023,Hartlepool,Oldham,1,3,A
CC,26-12-2023,Gateshead,York,1,1,D
CC,26-12-2023,Dorking,Oxford City,0,2,A
CC,26-12-2023,Dag and Red,Eastleigh,4,1,H
CC,26-12-2023,Boreham Wood,Kidderminster,1,1,D
CC,26-12-2023,Altrincham,Halifax,1,2,A
CC,26-12-2023,Aldershot,Woking,0,0,D
CC,26-12-2023,Ebbsfleet,Bromley,2,3,A
CC,30-12-2023,Oldham,Hartlepool,2,0,H
CC,30-12-2023,Barnet,Southend,1,0,H
CC,30-12-2023,Bromley,Ebbsfleet,5,1,H
CC,30-12-2023,Kidderminster,Boreham Wood,1,2,A
CC,01-01-2024,York,Gateshead,2,0,H
CC,01-01-2024,Woking,Aldershot,2,3,A
CC,01-01-2024,Oxford City,Dorking,1,2,A
CC,01-01-2024,Fylde,Rochdale,2,0,H
CC,01-01-2024,Eastleigh,Dag and Red,4,4,D
CC,01-01-2024,Chesterfield,Solihull,3,2,H
CC,01-01-2024,Halifax,Altrincham,0,0,D
CC,06-01-2024,Rochdale,Kidderminster,2,0,H
CC,06-01-2024,Solihull,Woking,3,0,H
CC,06-01-2024,Maidenhead,Bromley,0,0,D
CC,06-01-2024,Southend,Halifax,3,0,H
CC,06-01-2024,Ebbsfleet,Wealdstone,2,0,H
CC,06-01-2024,Dorking,Oldham,0,1,A
CC,06-01-2024,Altrincham,Barnet,3,2,H
CC,06-01-2024,Hartlepool,Oxford City,2,1,H
CC,07-01-2024,Boreham Wood,York,1,1,D
CC,09-01-2024,Fylde,Hartlepool,2,1,H
CC,09-01-2024,Barnet,Dag and Red,2,1,H
CC,10-01-2024,Chesterfield,Gateshead,5,0,H
CC,13-01-2024,Eastleigh,Southend,0,1,A
CC,16-01-2024,Chesterfield,Altrincham,2,1,H
CC,20-01-2024,Bromley,Boreham Wood,2,2,D
CC,20-01-2024,Dorking,Gateshead,1,0,H
CC,20-01-2024,Ebbsfleet,Hartlepool,0,1,A
CC,20-01-2024,Kidderminster,Aldershot,4,2,H
CC,23-01-2024,Dag and Red,Dorking,2,1,H
CC,23-01-2024,Oxford City,York,1,2,A
CC,23-01-2024,Oldham,Barnet,2,0,H
CC,23-01-2024,Maidenhead,Ebbsfleet,0,1,A
CC,23-01-2024,Aldershot,Bromley,1,1,D
CC,23-01-2024,Fylde,Halifax,2,2,D
CC,23-01-2024,Chesterfield,Woking,1,0,H
CC,23-01-2024,Hartlepool,Kidderminster,0,1,A
CC,24-01-2024,Boreham Wood,Eastleigh,4,4,D
CC,27-01-2024,Oldham,Woking,0,1,A
CC,27-01-2024,Maidenhead,Solihull,2,1,H
CC,27-01-2024,Wealdstone,Halifax,2,0,H
CC,27-01-2024,Oxford City,Ebbsfleet,1,0,H
CC,27-01-2024,Gateshead,Barnet,2,1,H
CC,27-01-2024,Hartlepool,York,2,1,H
CC,27-01-2024,Dag and Red,Kidderminster,0,1,A
CC,27-01-2024,Chesterfield,Southend,3,0,H
CC,27-01-2024,Boreham Wood,Dorking,0,3,A
CC,27-01-2024,Altrincham,Eastleigh,4,0,H
CC,27-01-2024,Aldershot,Rochdale,3,1,H
CC,27-01-2024,Fylde,Bromley,1,0,H
CC,30-01-2024,Solihull,Dag and Red,1,1,D
CC,30-01-2024,Wealdstone,Aldershot,3,3,D
CC,03-02-2024,Ebbsfleet,Oldham,0,0,D
CC,03-02-2024,York,Maidenhead,1,1,D
CC,03-02-2024,Woking,Boreham Wood,0,1,A
CC,03-02-2024,Southend,Gateshead,0,1,A
CC,03-02-2024,Solihull,Altrincham,0,1,A
CC,03-02-2024,Rochdale,Dag and Red,1,2,A
CC,03-02-2024,Halifax,Aldershot,1,2,A
CC,03-02-2024,Eastleigh,Chesterfield,1,3,A
CC,03-02-2024,Dorking,Fylde,1,3,A
CC,03-02-2024,Bromley,Hartlepool,1,2,A
CC,03-02-2024,Barnet,Wealdstone,1,1,D
CC,03-02-2024,Kidderminster,Oxford City,3,2,H
CC,06-02-2024,Woking,Oxford City,2,0,H
CC,06-02-2024,Dag and Red,Chesterfield,1,2,A
CC,06-02-2024,Gateshead,Eastleigh,1,1,D
CC,06-02-2024,Halifax,Solihull,1,3,A
CC,06-02-2024,Wealdstone,Maidenhead,0,1,A
CC,10-02-2024,Southend,York,0,1,A
CC,10-02-2024,Eastleigh,Fylde,1,2,A
CC,10-02-2024,Woking,Hartlepool,1,1,D
CC,10-02-2024,Dorking,Halifax,1,3,A
CC,10-02-2024,Chesterfield,Ebbsfleet,2,2,D
CC,10-02-2024,Boreham Wood,Maidenhead,1,0,H
CC,10-02-2024,Altrincham,Rochdale,3,0,H
CC,10-02-2024,Dag and Red,Oxford City,7,1,H
CC,13-02-2024,Aldershot,Fylde,0,5,A
CC,13-02-2024,Halifax,Maidenhead,2,1,H
CC,13-02-2024,Oldham,Boreham Wood,2,1,H
CC,13-02-2024,York,Dorking,0,1,A
CC,17-02-2024,Hartlepool,Boreham Wood,3,1,H
CC,17-02-2024,York,Dag and Red,1,1,D
CC,17-02-2024,Wealdstone,Gateshead,2,4,A
CC,17-02-2024,Rochdale,Solihull,1,2,A
CC,17-02-2024,Oxford City,Southend,0,0,D
CC,17-02-2024,Maidenhead,Oldham,1,3,A
CC,17-02-2024,Fylde,Barnet,2,4,A
CC,17-02-2024,Halifax,Woking,2,1,H
CC,17-02-2024,Aldershot,Altrincham,2,0,H
CC,17-02-2024,Ebbsfleet,Eastleigh,3,0,H
CC,17-02-2024,Bromley,Chesterfield,4,3,H
CC,17-02-2024,Kidderminster,Dorking,0,0,D
CC,20-02-2024,Oxford City,Eastleigh,2,5,A
CC,20-02-2024,Maidenhead,Southend,1,2,A
CC,20-02-2024,York,Oldham,1,1,D
CC,20-02-2024,Kidderminster,Gateshead,0,2,A
CC,20-02-2024,Hartlepool,Altrincham,3,2,H
CC,20-02-2024,Fylde,Solihull,2,2,D
CC,20-02-2024,Ebbsfleet,Woking,1,0,H
CC,20-02-2024,Bromley,Dag and Red,2,2,D
CC,20-02-2024,Aldershot,Barnet,1,0,H
CC,24-02-2024,Woking,Wealdstone,1,1,D
CC,24-02-2024,Southend,Aldershot,4,1,H
CC,24-02-2024,Solihull,Hartlepool,2,1,H
CC,24-02-2024,Oldham,Kidderminster,1,2,A
CC,24-02-2024,Dorking,Ebbsfleet,1,4,A
CC,24-02-2024,Gateshead,Oxford City,4,0,H
CC,24-02-2024,Chesterfield,Rochdale,2,2,D
CC,24-02-2024,Boreham Wood,Fylde,4,0,H
CC,24-02-2024,Barnet,York,2,0,H
CC,24-02-2024,Altrincham,Maidenhead,1,3,A
CC,24-02-2024,Eastleigh,Bromley,2,0,H
CC,24-02-2024,Dag and Red,Halifax,0,1,A
CC,27-02-2024,Woking,Gateshead,3,2,H
CC,27-02-2024,Barnet,Chesterfield,0,2,A
CC,27-02-2024,Eastleigh,Oldham,1,2,A
CC,27-02-2024,Rochdale,Wealdstone,3,0,H
CC,27-02-2024,Solihull,Kidderminster,0,1,A
CC,27-02-2024,Southend,Altrincham,2,1,H
CC,02-03-2024,Oldham,Southend,1,1,D
CC,02-03-2024,Dag and Red,Altrincham,3,1,H
CC,02-03-2024,York,Wealdstone,2,3,A
CC,02-03-2024,Hartlepool,Barnet,1,2,A
CC,02-03-2024,Oxford City,Aldershot,1,2,A
CC,02-03-2024,Fylde,Maidenhead,4,1,H
CC,02-03-2024,Boreham Wood,Gateshead,1,1,D
CC,02-03-2024,Eastleigh,Solihull,3,3,D
CC,02-03-2024,Bromley,Halifax,2,0,H
CC,02-03-2024,Dorking,Chesterfield,4,1,H
CC,02-03-2024,Ebbsfleet,Rochdale,2,1,H
CC,05-03-2024,Altrincham,Dorking,2,1,H
CC,05-03-2024,Barnet,Rochdale,2,0,H
CC,05-03-2024,Gateshead,Solihull,2,3,A
CC,05-03-2024,Oldham,Bromley,0,0,D
CC,05-03-2024,Southend,Wealdstone,1,1,D
CC,05-03-2024,Woking,Kidderminster,2,1,H
CC,05-03-2024,York,Fylde,1,3,A
CC,09-03-2024,Southend,Dag and Red,1,1,D
CC,09-03-2024,Rochdale,Oxford City,2,2,D
CC,09-03-2024,Maidenhead,Dorking,4,2,H
CC,09-03-2024,Kidderminster,York,0,0,D
CC,09-03-2024,Aldershot,Oldham,2,0,H
CC,09-03-2024,Chesterfield,Fylde,4,1,H
CC,09-03-2024,Altrincham,Woking,0,1,A
CC,09-03-2024,Halifax,Boreham Wood,2,1,H
CC,12-03-2024,Southend,Dorking,2,0,H
CC,12-03-2024,Solihull,Boreham Wood,2,0,H
CC,12-03-2024,Rochdale,Woking,2,1,H
CC,12-03-2024,Kidderminster,Fylde,1,1,D
CC,12-03-2024,Chesterfield,Oxford City,2,0,H
CC,12-03-2024,Altrincham,York,6,1,H
CC,12-03-2024,Aldershot,Ebbsfleet,4,1,H
CC,12-03-2024,Gateshead,Dag and Red,1,0,H
CC,16-03-2024,York,Aldershot,1,0,H
CC,16-03-2024,Woking,Barnet,1,0,H
CC,16-03-2024,Hartlepool,Southend,0,0,D
CC,16-03-2024,Fylde,Wealdstone,1,2,A
CC,16-03-2024,Eastleigh,Rochdale,1,4,A
CC,16-03-2024,Ebbsfleet,Gateshead,4,2,H
CC,16-03-2024,Dag and Red,Maidenhead,4,1,H
CC,16-03-2024,Bromley,Kidderminster,0,0,D
CC,16-03-2024,Boreham Wood,Altrincham,0,1,A
CC,16-03-2024,Oldham,Chesterfield,2,2,D
CC,16-03-2024,Dorking,Solihull,1,1,D
CC,17-03-2024,Oxford City,Halifax,0,2,A
CC,19-03-2024,Barnet,Eastleigh,2,1,H
CC,20-03-2024,Wealdstone,Bromley,0,1,A
CC,20-03-2024,Halifax,Chesterfield,4,2,H
CC,23-03-2024,Fylde,Oxford City,2,1,H
CC,23-03-2024,Eastleigh,Hartlepool,1,1,D
CC,23-03-2024,Southend,Woking,0,0,D
CC,23-03-2024,Rochdale,Maidenhead,1,0,H
CC,23-03-2024,Dag and Red,Oldham,0,0,D
CC,23-03-2024,Wealdstone,Kidderminster,1,1,D
CC,23-03-2024,Bromley,York,0,2,A
CC,23-03-2024,Aldershot,Solihull,1,1,D
CC,23-03-2024,Chesterfield,Boreham Wood,3,0,H
CC,23-03-2024,Barnet,Dorking,6,0,H
CC,23-03-2024,Altrincham,Gateshead,2,3,A
CC,26-03-2024,Altrincham,Wealdstone,4,1,H
CC,26-03-2024,Gateshead,Hartlepool,7,1,H
CC,26-03-2024,Solihull,Southend,0,3,A
CC,29-03-2024,York,Chesterfield,2,1,H
CC,29-03-2024,Woking,Eastleigh,0,1,A
CC,29-03-2024,Solihull,Barnet,2,2,D
CC,29-03-2024,Oxford City,Wealdstone,1,0,H
CC,29-03-2024,Oldham,Fylde,1,3,A
CC,29-03-2024,Maidenhead,Aldershot,4,0,H
CC,29-03-2024,Kidderminster,Altrincham,1,3,A
CC,29-03-2024,Hartlepool,Halifax,1,0,H
CC,29-03-2024,Gateshead,Rochdale,1,0,H
CC,29-03-2024,Ebbsfleet,Southend,1,1,D
CC,29-03-2024,Dorking,Bromley,0,2,A
CC,29-03-2024,Boreham Wood,Dag and Red,1,4,A
CC,01-04-2024,Wealdstone,Solihull,0,1,A
CC,01-04-2024,Southend,Boreham Wood,4,2,H
CC,01-04-2024,Rochdale,Hartlepool,1,1,D
CC,01-04-2024,Dag and Red,Ebbsfleet,1,1,D
CC,01-04-2024,Eastleigh,Maidenhead,2,3,A
CC,01-04-2024,Bromley,Woking,1,1,D
CC,01-04-2024,Barnet,Oxford City,3,1,H
CC,01-04-2024,Altrincham,Oldham,1,0,H
CC,01-04-2024,Aldershot,Dorking,1,1,D
CC,01-04-2024,Chesterfield,Kidderminster,1,3,A
CC,02-04-2024,Halifax,York,1,1,D
CC,06-04-2024,Kidderminster,Halifax,0,2,A
CC,06-04-2024,York,Eastleigh,0,1,A
CC,06-04-2024,Maidenhead,Barnet,2,2,D
CC,06-04-2024,Hartlepool,Aldershot,2,0,H
CC,06-04-2024,Woking,Dag and Red,3,2,H
CC,06-04-2024,Dorking,Altrincham,0,0,D
CC,06-04-2024,Boreham Wood,Wealdstone,4,0,H
CC,06-04-2024,Oldham,Rochdale,1,1,D
CC,06-04-2024,Ebbsfleet,Fylde,2,1,H
CC,09-04-2024,Barnet,Bromley,1,1,D
CC,09-04-2024,Maidenhead,Hartlepool,3,1,H
CC,09-04-2024,Solihull,Ebbsfleet,3,0,H
CC,09-04-2024,Wealdstone,Southend,1,2,A
CC,11-04-2024,Fylde,Gateshead,2,0,H
CC,11-04-2024,Wealdstone,Dorking,4,2,H
CC,13-04-2024,Maidenhead,Gateshead,2,1,H
CC,13-04-2024,York,Woking,2,0,H
CC,13-04-2024,Wealdstone,Chesterfield,1,0,H
CC,13-04-2024,Aldershot,Boreham Wood,0,3,A
CC,13-04-2024,Kidderminster,Eastleigh,0,1,A
CC,13-04-2024,Rochdale,Dorking,1,1,D
CC,13-04-2024,Halifax,Barnet,0,2,A
CC,13-04-2024,Hartlepool,Dag and Red,1,1,D
CC,13-04-2024,Bromley,Solihull,3,0,H
CC,13-04-2024,Oxford City,Oldham,0,0,D
CC,13-04-2024,Fylde,Southend,0,2,A
CC,13-04-2024,Ebbsfleet,Altrincham,0,2,A
CC,15-04-2024,Gateshead,Chesterfield,2,1,H
CC,16-04-2024,Halifax,Ebbsfleet,0,0,D
CC,16-04-2024,Oxford City,Bromley,1,3,A
CC,16-04-2024,Rochdale,Boreham Wood,0,0,D
CC,16-04-2024,Wealdstone,Eastleigh,0,1,A
CC,17-04-2024,Gateshead,Aldershot,0,1,A
CC,18-04-2024,Halifax,Oldham,2,2,D
CC,20-04-2024,Woking,Fylde,3,0,H
CC,20-04-2024,Southend,Rochdale,1,2,A
CC,20-04-2024,Solihull,York,1,0,H
CC,20-04-2024,Oldham,Wealdstone,2,3,A
CC,20-04-2024,Gateshead,Bromley,2,1,H
CC,20-04-2024,Eastleigh,Halifax,0,3,A
CC,20-04-2024,Dag and Red,Aldershot,3,3,D
CC,20-04-2024,Chesterfield,Maidenhead,3,2,H
CC,20-04-2024,Boreham Wood,Ebbsfleet,0,0,D
CC,20-04-2024,Barnet,Kidderminster,4,1,H
CC,20-04-2024,Altrincham,Oxford City,1,0,H
CC,20-04-2024,Dorking,Hartlepool,3,4,A
CC,10-08-2024,Yeovil,Hartlepool,0,1,A
CC,10-08-2024,Tamworth,Sutton,1,1,D
CC,10-08-2024,Southend,York,1,1,D
CC,10-08-2024,Oldham,Braintree Town,3,0,H
CC,10-08-2024,Maidenhead,Eastleigh,0,2,A
CC,10-08-2024,Halifax,Barnet,2,1,H
CC,10-08-2024,Fylde,Solihull,3,2,H
CC,10-08-2024,Dag and Red,Wealdstone,2,1,H
CC,10-08-2024,Gateshead,Ebbsfleet,5,1,H
CC,10-08-2024,Aldershot,Forest Green,3,3,D
CC,10-08-2024,Boston Utd,Rochdale,0,3,A
CC,10-08-2024,Altrincham,Woking,1,0,H
CC,17-08-2024,Sutton,Altrincham,5,0,H
CC,17-08-2024,York,Tamworth,2,0,H
CC,17-08-2024,Woking,Gateshead,0,2,A
CC,17-08-2024,Wealdstone,Oldham,0,1,A
CC,17-08-2024,Solihull,Maidenhead,2,1,H
CC,17-08-2024,Rochdale,Dag and Red,1,1,D
CC,17-08-2024,Halifax,Aldershot,0,1,A
CC,17-08-2024,Ebbsfleet,Barnet,1,2,A
CC,17-08-2024,Eastleigh,Fylde,4,2,H
CC,17-08-2024,Braintree Town,Yeovil,0,1,A
CC,17-08-2024,Boston Utd,Forest Green,0,4,A
CC,17-08-2024,Hartlepool,Southend,0,0,D
CC,20-08-2024,Southend,Boston Utd,2,0,H
CC,20-08-2024,Yeovil,Ebbsfleet,3,2,H
CC,20-08-2024,Woking,Dag and Red,1,0,H
CC,20-08-2024,Wealdstone,Sutton,0,1,A
CC,20-08-2024,Tamworth,Hartlepool,0,1,A
CC,20-08-2024,York,Rochdale,1,0,H
CC,20-08-2024,Oldham,Fylde,1,1,D
CC,20-08-2024,Halifax,Gateshead,1,1,D
CC,20-08-2024,Eastleigh,Solihull,2,1,H
CC,20-08-2024,Braintree Town,Aldershot,2,1,H
CC,20-08-2024,Barnet,Forest Green,1,0,H
CC,20-08-2024,Maidenhead,Altrincham,0,1,A
CC,23-08-2024,Dag and Red,Halifax,1,1,D
CC,24-08-2024,Sutton,York,2,2,D
CC,24-08-2024,Solihull,Braintree Town,1,1,D
CC,24-08-2024,Rochdale,Forest Green,0,0,D
CC,24-08-2024,Hartlepool,Wealdstone,1,1,D
CC,24-08-2024,Fylde,Maidenhead,0,0,D
CC,24-08-2024,Boston Utd,Tamworth,1,1,D
CC,24-08-2024,Barnet,Southend,2,1,H
CC,24-08-2024,Altrincham,Eastleigh,0,1,A
CC,24-08-2024,Aldershot,Oldham,4,1,H
CC,24-08-2024,Gateshead,Yeovil,3,1,H
CC,24-08-2024,Ebbsfleet,Woking,0,3,A
CC,26-08-2024,Tamworth,Aldershot,3,2,H
CC,26-08-2024,Yeovil,Rochdale,0,1,A
CC,26-08-2024,Woking,Hartlepool,3,2,H
CC,26-08-2024,Wealdstone,Fylde,1,0,H
CC,26-08-2024,Southend,Dag and Red,2,2,D
CC,26-08-2024,York,Boston Utd,0,2,A
CC,26-08-2024,Maidenhead,Barnet,3,1,H
CC,26-08-2024,Halifax,Solihull,0,1,A
CC,26-08-2024,Forest Green,Altrincham,2,1,H
CC,26-08-2024,Eastleigh,Sutton,1,1,D
CC,26-08-2024,Braintree Town,Ebbsfleet,0,0,D
CC,26-08-2024,Oldham,Gateshead,1,1,D
CC,31-08-2024,Solihull,Wealdstone,1,1,D
CC,31-08-2024,Rochdale,Woking,3,0,H
CC,31-08-2024,Hartlepool,Braintree Town,0,0,D
CC,31-08-2024,Gateshead,Eastleigh,2,1,H
CC,31-08-2024,Ebbsfleet,Halifax,0,1,A
CC,31-08-2024,Sutton,Forest Green,1,2,A
CC,31-08-2024,Boston Utd,Yeovil,1,3,A
CC,31-08-2024,Barnet,Tamworth,7,0,H
CC,31-08-2024,Altrincham,Oldham,1,1,D
CC,31-08-2024,Aldershot,Maidenhead,4,3,H
CC,31-08-2024,Dag and Red,York,0,2,A
CC,07-09-2024,Aldershot,Rochdale,0,2,A
CC,07-09-2024,Wealdstone,York,0,2,A
CC,07-09-2024,Sutton,Boston Utd,0,3,A
CC,07-09-2024,Solihull,Forest Green,0,1,A
CC,07-09-2024,Oldham,Southend,1,1,D
CC,07-09-2024,Maidenhead,Dag and Red,1,1,D
CC,07-09-2024,Hartlepool,Halifax,0,0,D
CC,07-09-2024,Fylde,Yeovil,3,4,A
CC,07-09-2024,Eastleigh,Tamworth,1,0,H
CC,07-09-2024,Braintree Town,Woking,0,0,D
CC,07-09-2024,Altrincham,Ebbsfleet,4,0,H
CC,07-09-2024,Gateshead,Barnet,2,0,H
CC,10-09-2024,Southend,Eastleigh,2,0,H
CC,10-09-2024,York,Braintree Town,2,1,H
CC,10-09-2024,Yeovil,Solihull,0,1,A
CC,10-09-2024,Woking,Wealdstone,1,0,H
CC,10-09-2024,Rochdale,Maidenhead,3,1,H
CC,10-09-2024,Barnet,Altrincham,2,1,H
CC,10-09-2024,Forest Green,Fylde,3,0,H
CC,10-09-2024,Boston Utd,Hartlepool,1,2,A
CC,10-09-2024,Halifax,Oldham,1,1,D
CC,10-09-2024,Ebbsfleet,Aldershot,0,0,D
CC,10-09-2024,Dag and Red,Sutton,3,0,H
CC,14-09-2024,Dag and Red,Gateshead,7,1,H
CC,14-09-2024,York,Fylde,3,0,H
CC,14-09-2024,Yeovil,Altrincham,0,0,D
CC,14-09-2024,Tamworth,Maidenhead,3,1,H
CC,14-09-2024,Rochdale,Solihull,1,2,A
CC,14-09-2024,Woking,Oldham,1,3,A
CC,14-09-2024,Forest Green,Wealdstone,2,2,D
CC,14-09-2024,Ebbsfleet,Hartlepool,1,0,H
CC,14-09-2024,Boston Utd,Aldershot,1,1,D
CC,14-09-2024,Barnet,Braintree Town,3,1,H
CC,14-09-2024,Halifax,Eastleigh,3,1,H
CC,14-09-2024,Southend,Sutton,1,3,A
CC,17-09-2024,Fylde,Southend,2,1,H
CC,21-09-2024,Hartlepool,Dag and Red,0,1,A
CC,21-09-2024,Wealdstone,Barnet,0,3,A
CC,21-09-2024,Sutton,Ebbsfleet,3,2,H
CC,21-09-2024,Solihull,Southend,2,4,A
CC,21-09-2024,Oldham,Yeovil,1,0,H
CC,21-09-2024,Maidenhead,Halifax,0,1,A
CC,21-09-2024,Gateshead,Forest Green,0,2,A
CC,21-09-2024,Eastleigh,Rochdale,4,2,H
CC,21-09-2024,Braintree Town,Tamworth,0,1,A
CC,21-09-2024,Altrincham,Boston Utd,2,2,D
CC,21-09-2024,Aldershot,York,0,0,D
CC,21-09-2024,Fylde,Woking,1,1,D
CC,24-09-2024,Wealdstone,Southend,1,1,D
CC,24-09-2024,Sutton,Yeovil,0,0,D
CC,24-09-2024,Solihull,York,0,3,A
CC,24-09-2024,Oldham,Forest Green,1,0,H
CC,24-09-2024,Maidenhead,Ebbsfleet,2,1,H
CC,24-09-2024,Hartlepool,Rochdale,0,3,A
CC,24-09-2024,Fylde,Tamworth,1,2,A
CC,24-09-2024,Eastleigh,Woking,2,2,D
CC,24-09-2024,Braintree Town,Halifax,1,0,H
CC,24-09-2024,Altrincham,Dag and Red,2,1,H
CC,24-09-2024,Aldershot,Barnet,0,1,A
CC,24-09-2024,Gateshead,Boston Utd,2,0,H
CC,28-09-2024,Tamworth,Altrincham,1,2,A
CC,28-09-2024,York,Eastleigh,0,0,D
CC,28-09-2024,Yeovil,Aldershot,1,1,D
CC,28-09-2024,Woking,Sutton,1,2,A
CC,28-09-2024,Ebbsfleet,Oldham,1,2,A
CC,28-09-2024,Southend,Gateshead,1,3,A
CC,28-09-2024,Forest Green,Hartlepool,1,0,H
CC,28-09-2024,Halifax,Wealdstone,2,2,D
CC,28-09-2024,Dag and Red,Solihull,1,1,D
CC,28-09-2024,Boston Utd,Maidenhead,1,2,A
CC,28-09-2024,Barnet,Fylde,2,0,H
CC,28-09-2024,Rochdale,Braintree Town,1,0,H
CC,05-10-2024,Woking,York,1,1,D
CC,05-10-2024,Yeovil,Dag and Red,1,0,H
CC,05-10-2024,Southend,Maidenhead,0,2,A
CC,05-10-2024,Oldham,Solihull,2,3,A
CC,05-10-2024,Hartlepool,Sutton,4,3,H
CC,05-10-2024,Halifax,Tamworth,3,2,H
CC,05-10-2024,Fylde,Aldershot,5,2,H
CC,05-10-2024,Ebbsfleet,Rochdale,2,2,D
CC,05-10-2024,Eastleigh,Forest Green,1,3,A
CC,05-10-2024,Braintree Town,Altrincham,2,0,H
CC,05-10-2024,Barnet,Boston Utd,3,1,H
CC,05-10-2024,Gateshead,Wealdstone,1,0,H
CC,08-10-2024,Tamworth,Gateshead,2,1,H
CC,19-10-2024,Sutton,Oldham,1,3,A
CC,19-10-2024,Rochdale,Southend,0,1,A
CC,19-10-2024,York,Ebbsfleet,4,0,H
CC,19-10-2024,Wealdstone,Yeovil,0,3,A
CC,19-10-2024,Tamworth,Woking,3,2,H
CC,19-10-2024,Solihull,Barnet,4,3,H
CC,19-10-2024,Maidenhead,Hartlepool,1,1,D
CC,19-10-2024,Forest Green,Braintree Town,2,1,H
CC,19-10-2024,Dag and Red,Fylde,4,0,H
CC,19-10-2024,Boston Utd,Halifax,0,1,A
CC,19-10-2024,Altrincham,Gateshead,2,2,D
CC,19-10-2024,Aldershot,Eastleigh,2,1,H
CC,22-10-2024,Tamworth,Yeovil,0,0,D
CC,22-10-2024,Rochdale,Halifax,2,1,H
CC,22-10-2024,York,Barnet,3,1,H
CC,22-10-2024,Forest Green,Ebbsfleet,3,1,H
CC,22-10-2024,Dag and Red,Eastleigh,2,2,D
CC,22-10-2024,Maidenhead,Oldham,2,2,D
CC,23-10-2024,Aldershot,Southend,0,0,D
CC,23-10-2024,Altrincham,Hartlepool,1,1,D
CC,23-10-2024,Boston Utd,Fylde,1,2,A
CC,23-10-2024,Solihull,Woking,2,1,H
CC,23-10-2024,Sutton,Gateshead,0,1,A
CC,23-10-2024,Wealdstone,Braintree Town,3,2,H
CC,26-10-2024,Oldham,Dag and Red,1,0,H
CC,26-10-2024,Yeovil,Maidenhead,3,1,H
CC,26-10-2024,Woking,Forest Green,1,1,D
CC,26-10-2024,Fylde,Altrincham,0,5,A
CC,26-10-2024,Hartlepool,Aldershot,2,0,H
CC,26-10-2024,Southend,Tamworth,2,0,H
CC,26-10-2024,Gateshead,Solihull,1,0,H
CC,26-10-2024,Ebbsfleet,Wealdstone,2,2,D
CC,26-10-2024,Eastleigh,Boston Utd,1,1,D
CC,26-10-2024,Braintree Town,Sutton,0,1,A
CC,26-10-2024,Barnet,Rochdale,2,1,H
CC,26-10-2024,Halifax,York,1,2,A
CC,09-11-2024,Barnet,Oldham,0,0,D
CC,09-11-2024,Tamworth,Ebbsfleet,1,1,D
CC,09-11-2024,Southend,Yeovil,0,1,A
CC,09-11-2024,Solihull,Altrincham,3,3,D
CC,09-11-2024,Rochdale,Sutton,2,1,H
CC,09-11-2024,Maidenhead,Forest Green,1,4,A
CC,09-11-2024,Halifax,Woking,1,0,H
CC,09-11-2024,Fylde,Gateshead,3,0,H
CC,09-11-2024,Eastleigh,Braintree Town,1,2,A
CC,09-11-2024,Boston Utd,Dag and Red,1,1,D
CC,09-11-2024,York,Hartlepool,5,3,H
CC,09-11-2024,Aldershot,Wealdstone,0,2,A
CC,16-11-2024,Yeovil,Halifax,0,1,A
CC,16-11-2024,Woking,Boston Utd,1,0,H
CC,16-11-2024,Forest Green,York,2,0,H
CC,16-11-2024,Sutton,Maidenhead,1,0,H
CC,16-11-2024,Oldham,Tamworth,4,0,H
CC,16-11-2024,Wealdstone,Rochdale,2,0,H
CC,16-11-2024,Gateshead,Aldershot,2,2,D
CC,16-11-2024,Ebbsfleet,Solihull,0,6,A
CC,16-11-2024,Dag and Red,Barnet,3,4,A
CC,16-11-2024,Braintree Town,Fylde,1,0,H
CC,16-11-2024,Altrincham,Southend,2,0,H
CC,16-11-2024,Hartlepool,Eastleigh,0,0,D
CC,23-11-2024,Tamworth,Dag and Red,2,1,H
CC,23-11-2024,Southend,Forest Green,2,2,D
CC,23-11-2024,Solihull,Hartlepool,3,4,A
CC,23-11-2024,Maidenhead,Gateshead,0,5,A
CC,23-11-2024,York,Yeovil,4,0,H
CC,23-11-2024,Boston Utd,Braintree Town,3,1,H
CC,23-11-2024,Barnet,Woking,2,0,H
CC,23-11-2024,Aldershot,Altrincham,2,1,H
CC,23-11-2024,Eastleigh,Wealdstone,1,1,D
CC,26-11-2024,Woking,Southend,0,0,D
CC,26-11-2024,Sutton,Solihull,1,0,H
CC,26-11-2024,Oldham,Boston Utd,4,0,H
CC,26-11-2024,Hartlepool,Fylde,2,0,H
CC,26-11-2024,Dag and Red,Aldershot,3,2,H
CC,26-11-2024,Braintree Town,Maidenhead,1,3,A
CC,26-11-2024,Altrincham,York,3,0,H
CC,26-11-2024,Gateshead,Rochdale,0,1,A
CC,27-11-2024,Ebbsfleet,Eastleigh,0,1,A
CC,27-11-2024,Forest Green,Halifax,1,1,D
CC,27-11-2024,Yeovil,Barnet,1,2,A
CC,30-11-2024,York,Maidenhead,6,2,H
CC,30-11-2024,Woking,Yeovil,0,2,A
CC,30-11-2024,Hartlepool,Barnet,0,0,D
CC,30-11-2024,Sutton,Fylde,2,0,H
CC,30-11-2024,Ebbsfleet,Boston Utd,0,0,D
CC,30-11-2024,Braintree Town,Gateshead,2,2,D
CC,30-11-2024,Halifax,Southend,0,2,A
CC,10-12-2024,Fylde,Ebbsfleet,2,0,H
CC,10-12-2024,Halifax,Sutton,0,0,D
CC,10-12-2024,Solihull,Aldershot,2,1,H
CC,10-12-2024,Wealdstone,Altrincham,3,3,D
CC,14-12-2024,Forest Green,Boston Utd,1,0,H
CC,14-12-2024,Yeovil,Braintree Town,3,1,H
CC,14-12-2024,Tamworth,York,1,1,D
CC,14-12-2024,Southend,Hartlepool,0,0,D
CC,14-12-2024,Oldham,Wealdstone,3,2,H
CC,14-12-2024,Maidenhead,Solihull,1,1,D
CC,14-12-2024,Gateshead,Woking,4,0,H
CC,14-12-2024,Fylde,Eastleigh,2,2,D
CC,14-12-2024,Dag and Red,Rochdale,1,0,H
CC,14-12-2024,Barnet,Ebbsfleet,4,1,H
CC,14-12-2024,Altrincham,Sutton,1,0,H
CC,14-12-2024,Aldershot,Halifax,3,4,A
CC,17-12-2024,Rochdale,Tamworth,3,0,H
CC,21-12-2024,York,Southend,3,0,H
CC,21-12-2024,Woking,Altrincham,2,1,H
CC,21-12-2024,Wealdstone,Dag and Red,3,0,H
CC,21-12-2024,Sutton,Tamworth,1,2,A
CC,21-12-2024,Solihull,Fylde,4,1,H
CC,21-12-2024,Hartlepool,Yeovil,2,1,H
CC,21-12-2024,Forest Green,Aldershot,1,1,D
CC,21-12-2024,Ebbsfleet,Gateshead,1,4,A
CC,21-12-2024,Eastleigh,Maidenhead,1,0,H
CC,21-12-2024,Braintree Town,Oldham,0,2,A
CC,21-12-2024,Barnet,Halifax,1,1,D
CC,26-12-2024,Yeovil,Eastleigh,2,2,D
CC,26-12-2024,Tamworth,Forest Green,1,1,D
CC,26-12-2024,Southend,Ebbsfleet,4,0,H
CC,26-12-2024,Gateshead,Hartlepool,4,3,H
CC,26-12-2024,Fylde,Rochdale,1,3,A
CC,26-12-2024,Maidenhead,Wealdstone,3,1,H
CC,26-12-2024,Boston Utd,Solihull,0,1,A
CC,26-12-2024,Barnet,Sutton,3,3,D
CC,26-12-2024,Altrincham,Halifax,0,0,D
CC,26-12-2024,Aldershot,Woking,2,2,D
CC,26-12-2024,Dag and Red,Braintree Town,2,4,A
CC,31-12-2024,Solihull,Tamworth,2,0,H
CC,01-01-2025,York,Gateshead,1,0,H
CC,01-01-2025,Eastleigh,Barnet,1,1,D
CC,01-01-2025,Ebbsfleet,Dag and Red,0,2,A
CC,01-01-2025,Forest Green,Yeovil,2,1,H
CC,01-01-2025,Hartlepool,Oldham,2,1,H
CC,01-01-2025,Sutton,Aldershot,1,1,D
CC,01-01-2025,Woking,Maidenhead,3,1,H
CC,01-01-2025,Braintree Town,Southend,0,1,A
CC,07-01-2025,Eastleigh,Oldham,2,2,D
CC,08-01-2025,Forest Green,Dag and Red,1,1,D
CC,11-01-2025,Boston Utd,Ebbsfleet,2,2,D
CC,11-01-2025,Yeovil,Woking,1,1,D
CC,14-01-2025,Aldershot,Braintree Town,2,2,D
CC,14-01-2025,Altrincham,Maidenhead,4,0,H
CC,14-01-2025,Ebbsfleet,Yeovil,1,1,D
CC,14-01-2025,Forest Green,Barnet,0,0,D
CC,14-01-2025,Gateshead,Halifax,1,3,A
CC,14-01-2025,Solihull,Eastleigh,0,1,A
CC,15-01-2025,Sutton,Wealdstone,2,2,D
CC,17-01-2025,Yeovil,Gateshead,0,0,D
CC,18-01-2025,Maidenhead,Fylde,4,1,H
CC,18-01-2025,York,Sutton,1,2,A
CC,18-01-2025,Woking,Ebbsfleet,1,1,D
CC,18-01-2025,Wealdstone,Hartlepool,1,1,D
CC,18-01-2025,Tamworth,Boston Utd,3,0,H
CC,18-01-2025,Forest Green,Rochdale,1,0,H
CC,18-01-2025,Oldham,Aldershot,1,3,A
CC,18-01-2025,Eastleigh,Altrincham,1,2,A
CC,18-01-2025,Braintree Town,Solihull,1,0,H
CC,18-01-2025,Southend,Barnet,0,3,A
CC,21-01-2025,Oldham,York,0,2,A
CC,25-01-2025,Gateshead,Oldham,1,1,D
CC,25-01-2025,Sutton,Eastleigh,1,0,H
CC,25-01-2025,Solihull,Halifax,0,2,A
CC,25-01-2025,Rochdale,Yeovil,4,0,H
CC,25-01-2025,Hartlepool,Woking,1,1,D
CC,25-01-2025,Fylde,Wealdstone,2,0,H
CC,25-01-2025,Boston Utd,York,3,1,H
CC,25-01-2025,Dag and Red,Southend,0,2,A
CC,25-01-2025,Barnet,Maidenhead,3,0,H
CC,25-01-2025,Altrincham,Forest Green,1,1,D
CC,25-01-2025,Aldershot,Tamworth,2,2,D
CC,25-01-2025,Ebbsfleet,Braintree Town,0,1,A
CC,28-01-2025,Barnet,Hartlepool,2,0,H
CC,28-01-2025,Southend,Fylde,2,0,H
CC,01-02-2025,York,Dag and Red,2,1,H
CC,01-02-2025,Wealdstone,Solihull,1,1,D
CC,01-02-2025,Tamworth,Barnet,0,1,A
CC,01-02-2025,Fylde,Oldham,1,2,A
CC,01-02-2025,Braintree Town,Hartlepool,1,1,D
CC,01-02-2025,Halifax,Ebbsfleet,2,0,H
CC,04-02-2025,Dag and Red,Forest Green,0,2,A
CC,04-02-2025,Halifax,Fylde,1,2,A
CC,04-02-2025,Rochdale,Oldham,0,1,A
CC,04-02-2025,Wealdstone,Tamworth,0,1,A
CC,08-02-2025,Tamworth,Halifax,1,2,A
CC,08-02-2025,York,Woking,3,0,H
CC,08-02-2025,Wealdstone,Gateshead,0,4,A
CC,08-02-2025,Sutton,Hartlepool,1,2,A
CC,08-02-2025,Rochdale,Ebbsfleet,0,0,D
CC,08-02-2025,Solihull,Oldham,0,1,A
CC,08-02-2025,Forest Green,Eastleigh,2,1,H
CC,08-02-2025,Dag and Red,Yeovil,1,1,D
CC,08-02-2025,Boston Utd,Barnet,0,0,D
CC,08-02-2025,Altrincham,Braintree Town,3,1,H
CC,08-02-2025,Maidenhead,Southend,1,0,H
CC,11-02-2025,Dag and Red,Woking,1,2,A
CC,11-02-2025,Hartlepool,Tamworth,2,2,D
CC,11-02-2025,Oldham,Altrincham,2,2,D
CC,11-02-2025,Southend,Halifax,3,1,H
CC,15-02-2025,Yeovil,Wealdstone,1,2,A
CC,15-02-2025,Woking,Tamworth,1,1,D
CC,15-02-2025,Southend,Rochdale,1,1,D
CC,15-02-2025,Oldham,Sutton,0,0,D
CC,15-02-2025,Hartlepool,Maidenhead,0,0,D
CC,15-02-2025,Halifax,Boston Utd,1,0,H
CC,15-02-2025,Eastleigh,Aldershot,2,0,H
CC,15-02-2025,Fylde,Dag and Red,1,1,D
CC,15-02-2025,Ebbsfleet,York,0,2,A
CC,15-02-2025,Braintree Town,Forest Green,2,0,H
CC,15-02-2025,Barnet,Solihull,3,1,H
CC,15-02-2025,Gateshead,Altrincham,0,1,A
CC,18-02-2025,Southend,Aldershot,2,1,H
CC,18-02-2025,Yeovil,Tamworth,2,1,H
CC,18-02-2025,Oldham,Maidenhead,0,1,A
CC,18-02-2025,Hartlepool,Altrincham,1,2,A
CC,18-02-2025,Fylde,Boston Utd,1,2,A
CC,18-02-2025,Ebbsfleet,Forest Green,0,0,D
CC,18-02-2025,Barnet,York,3,1,H
CC,18-02-2025,Gateshead,Sutton,4,3,H
CC,19-02-2025,Braintree Town,Wealdstone,1,2,A
CC,19-02-2025,Eastleigh,Dag and Red,3,0,H
CC,19-02-2025,Halifax,Rochdale,0,0,D
CC,19-02-2025,Woking,Solihull,1,0,H
CC,22-02-2025,Maidenhead,Yeovil,0,2,A
CC,22-02-2025,York,Halifax,2,2,D
CC,22-02-2025,Wealdstone,Ebbsfleet,4,2,H
CC,22-02-2025,Tamworth,Southend,1,1,D
CC,22-02-2025,Sutton,Braintree Town,1,1,D
CC,22-02-2025,Solihull,Gateshead,1,3,A
CC,22-02-2025,Dag and Red,Oldham,2,2,D
CC,22-02-2025,Forest Green,Woking,1,1,D
CC,22-02-2025,Boston Utd,Eastleigh,1,2,A
CC,22-02-2025,Altrincham,Fylde,1,2,A
CC,22-02-2025,Aldershot,Hartlepool,3,2,H
CC,22-02-2025,Rochdale,Barnet,0,4,A
CC,25-02-2025,Maidenhead,York,1,3,A
CC,25-02-2025,Aldershot,Solihull,3,1,H
CC,25-02-2025,Eastleigh,Gateshead,1,1,D
CC,25-02-2025,Tamworth,Rochdale,1,1,D
CC,01-03-2025,Yeovil,Southend,2,2,D
CC,01-03-2025,Gateshead,Fylde,1,1,D
CC,01-03-2025,Hartlepool,York,0,1,A
CC,01-03-2025,Oldham,Barnet,0,3,A
CC,01-03-2025,Ebbsfleet,Tamworth,2,3,A
CC,01-03-2025,Forest Green,Maidenhead,2,0,H
CC,01-03-2025,Dag and Red,Boston Utd,1,3,A
CC,01-03-2025,Braintree Town,Eastleigh,1,0,H
CC,04-03-2025,York,Altrincham,1,2,A
CC,04-03-2025,Tamworth,Wealdstone,4,1,H
CC,04-03-2025,Southend,Woking,2,2,D
CC,04-03-2025,Solihull,Sutton,1,1,D
CC,04-03-2025,Rochdale,Gateshead,1,0,H
CC,04-03-2025,Maidenhead,Braintree Town,3,3,D
CC,04-03-2025,Fylde,Hartlepool,2,1,H
CC,04-03-2025,Eastleigh,Ebbsfleet,2,0,H
CC,04-03-2025,Boston Utd,Oldham,0,0,D
CC,04-03-2025,Barnet,Yeovil,5,0,H
CC,04-03-2025,Aldershot,Dag and Red,0,0,D
CC,04-03-2025,Halifax,Forest Green,2,1,H
CC,08-03-2025,Rochdale,Wealdstone,4,1,H
CC,08-03-2025,Tamworth,Oldham,1,1,D
CC,08-03-2025,Southend,Altrincham,2,1,H
CC,08-03-2025,Solihull,Ebbsfleet,2,1,H
CC,08-03-2025,Maidenhead,Sutton,0,1,A
CC,08-03-2025,York,Forest Green,1,1,D
CC,08-03-2025,Fylde,Braintree Town,0,2,A
CC,08-03-2025,Eastleigh,Hartlepool,1,1,D
CC,08-03-2025,Boston Utd,Woking,2,2,D
CC,08-03-2025,Aldershot,Gateshead,3,1,H
CC,08-03-2025,Barnet,Dag and Red,1,0,H
CC,08-03-2025,Halifax,Yeovil,1,0,H
CC,11-03-2025,Forest Green,Sutton,2,1,H
CC,11-03-2025,Oldham,Eastleigh,2,0,H
CC,11-03-2025,Rochdale,Altrincham,3,0,H
CC,11-03-2025,Yeovil,Boston Utd,0,3,A
CC,15-03-2025,Hartlepool,Solihull,1,1,D
CC,15-03-2025,Yeovil,York,0,1,A
CC,15-03-2025,Woking,Barnet,0,1,A
CC,15-03-2025,Wealdstone,Eastleigh,3,3,D
CC,15-03-2025,Sutton,Halifax,0,3,A
CC,15-03-2025,Gateshead,Maidenhead,0,2,A
CC,15-03-2025,Ebbsfleet,Fylde,1,0,H
CC,15-03-2025,Dag and Red,Tamworth,1,3,A
CC,15-03-2025,Braintree Town,Boston Utd,0,1,A
CC,15-03-2025,Altrincham,Aldershot,1,2,A
CC,15-03-2025,Oldham,Rochdale,1,1,D
CC,15-03-2025,Forest Green,Southend,2,2,D
CC,18-03-2025,Rochdale,Boston Utd,2,3,A
CC,18-03-2025,Maidenhead,Aldershot,0,1,A
CC,18-03-2025,Halifax,Dag and Red,0,1,A
CC,18-03-2025,Gateshead,Braintree Town,1,3,A
CC,18-03-2025,Altrincham,Wealdstone,0,1,A
CC,18-03-2025,Fylde,Sutton,1,2,A
CC,22-03-2025,Maidenhead,Rochdale,1,1,D
CC,22-03-2025,Altrincham,Barnet,0,1,A
CC,22-03-2025,Wealdstone,Woking,1,0,H
CC,22-03-2025,Solihull,Yeovil,0,3,A
CC,22-03-2025,Oldham,Halifax,2,0,H
CC,22-03-2025,Hartlepool,Boston Utd,4,1,H
CC,22-03-2025,Sutton,Dag and Red,1,1,D
CC,22-03-2025,Fylde,Forest Green,3,0,H
CC,22-03-2025,Eastleigh,Southend,1,2,A
CC,22-03-2025,Braintree Town,York,2,1,H
CC,22-03-2025,Aldershot,Ebbsfleet,3,3,D
CC,22-03-2025,Gateshead,Tamworth,0,2,A
CC,25-03-2025,Altrincham,Solihull,1,1,D
CC,25-03-2025,Boston Utd,Southend,3,0,H
CC,25-03-2025,Rochdale,York,0,4,A
CC,25-03-2025,Wealdstone,Aldershot,1,3,A
CC,25-03-2025,Woking,Halifax,0,0,D
CC,29-03-2025,Southend,Oldham,1,0,H
CC,29-03-2025,Yeovil,Fylde,1,0,H
CC,29-03-2025,Woking,Braintree Town,2,1,H
CC,29-03-2025,Tamworth,Eastleigh,2,0,H
CC,29-03-2025,Rochdale,Aldershot,4,0,H
CC,29-03-2025,York,Wealdstone,3,0,H
CC,29-03-2025,Ebbsfleet,Altrincham,2,2,D
CC,29-03-2025,Dag and Red,Maidenhead,1,0,H
CC,29-03-2025,Boston Utd,Sutton,2,1,H
CC,29-03-2025,Barnet,Gateshead,3,1,H
CC,29-03-2025,Forest Green,Solihull,1,0,H
CC,29-03-2025,Halifax,Hartlepool,0,1,A
CC,01-04-2025,Aldershot,Fylde,2,0,H
CC,01-04-2025,Wealdstone,Boston Utd,1,0,H
CC,01-04-2025,Woking,Rochdale,1,1,D
CC,05-04-2025,Eastleigh,Halifax,1,1,D
CC,05-04-2025,Wealdstone,Forest Green,2,1,H
CC,05-04-2025,Sutton,Southend,1,1,D
CC,05-04-2025,Maidenhead,Tamworth,3,1,H
CC,05-04-2025,Gateshead,Dag and Red,2,1,H
CC,05-04-2025,Braintree Town,Barnet,2,1,H
CC,05-04-2025,Altrincham,Yeovil,2,1,H
CC,05-04-2025,Fylde,York,1,3,A
CC,05-04-2025,Hartlepool,Ebbsfleet,3,2,H
CC,08-04-2025,Aldershot,Boston Utd,1,2,A
CC,08-04-2025,Oldham,Woking,1,2,A
CC,08-04-2025,Sutton,Rochdale,1,0,H
CC,12-04-2025,Tamworth,Braintree Town,4,2,H
CC,12-04-2025,York,Aldershot,7,2,H
CC,12-04-2025,Yeovil,Oldham,2,1,H
CC,12-04-2025,Woking,Fylde,1,0,H
CC,12-04-2025,Southend,Solihull,0,1,A
CC,12-04-2025,Forest Green,Gateshead,2,3,A
CC,12-04-2025,Halifax,Maidenhead,0,2,A
CC,12-04-2025,Ebbsfleet,Sutton,4,1,H
CC,12-04-2025,Dag and Red,Hartlepool,1,1,D
CC,12-04-2025,Boston Utd,Altrincham,1,0,H
CC,12-04-2025,Barnet,Wealdstone,1,1,D
CC,12-04-2025,Rochdale,Eastleigh,4,0,H
CC,18-04-2025,Barnet,Eastleigh,1,1,D
CC,18-04-2025,Yeovil,Forest Green,1,1,D
CC,18-04-2025,Tamworth,Solihull,1,2,A
CC,18-04-2025,Southend,Braintree Town,0,0,D
CC,18-04-2025,Oldham,Hartlepool,2,1,H
CC,18-04-2025,Maidenhead,Woking,2,2,D
CC,18-04-2025,Fylde,Halifax,0,1,A
CC,18-04-2025,Dag and Red,Ebbsfleet,1,0,H
CC,18-04-2025,Boston Utd,Wealdstone,2,0,H
CC,18-04-2025,Altrincham,Rochdale,1,2,A
CC,18-04-2025,Aldershot,Sutton,1,1,D
CC,18-04-2025,Gateshead,York,1,3,A
CC,21-04-2025,Wealdstone,Maidenhead,1,1,D
CC,21-04-2025,York,Oldham,1,1,D
CC,21-04-2025,Solihull,Boston Utd,3,2,H
CC,21-04-2025,Rochdale,Fylde,0,0,D
CC,21-04-2025,Hartlepool,Gateshead,3,2,H
CC,21-04-2025,Sutton,Barnet,1,3,A
CC,21-04-2025,Forest Green,Tamworth,3,0,H
CC,21-04-2025,Ebbsfleet,Southend,0,4,A
CC,21-04-2025,Eastleigh,Yeovil,1,0,H
CC,21-04-2025,Braintree Town,Dag and Red,0,0,D
CC,21-04-2025,Woking,Aldershot,3,0,H
CC,21-04-2025,Halifax,Altrincham,0,3,A
CC,26-04-2025,Southend,Wealdstone,3,0,H
CC,26-04-2025,York,Solihull,2,0,H
CC,26-04-2025,Tamworth,Fylde,4,3,H
CC,26-04-2025,Rochdale,Hartlepool,5,1,H
CC,26-04-2025,Halifax,Braintree Town,1,0,H
CC,26-04-2025,Yeovil,Sutton,1,2,A
CC,26-04-2025,Ebbsfleet,Maidenhead,0,2,A
CC,26-04-2025,Dag and Red,Altrincham,6,1,H
CC,26-04-2025,Boston Utd,Gateshead,2,1,H
CC,26-04-2025,Barnet,Aldershot,4,0,H
CC,26-04-2025,Woking,Eastleigh,2,2,D
CC,26-04-2025,Forest Green,Oldham,1,0,H
CC,29-04-2025,Solihull,Rochdale,0,1,A
CC,05-05-2025,Solihull,Dag and Red,1,1,D
CC,05-05-2025,Oldham,Ebbsfleet,2,0,H
CC,05-05-2025,Maidenhead,Boston Utd,3,0,H
CC,05-05-2025,Hartlepool,Forest Green,1,1,D
CC,05-05-2025,Gateshead,Southend,0,0,D
CC,05-05-2025,Braintree Town,Rochdale,2,0,H
CC,05-05-2025,Eastleigh,York,0,2,A
CC,05-05-2025,Altrincham,Tamworth,1,1,D
CC,05-05-2025,Aldershot,Yeovil,2,1,H
CC,05-05-2025,Sutton,Woking,1,1,D
CC,05-05-2025,Fylde,Barnet,0,3,A
CC,05-05-2025,Wealdstone,Halifax,3,1,H
